"1","eyJ0eXAiOiJKV1QiLCJhbGciOiJIUzUxMiJ9.eyJzdWIiOiJoeWVvbm1pbjEwMSIsIkF1dGhvcml6YXRpb24iOiJST0xFX1VTRVIiLCJleHAiOjE3MTM5MzMzMTB9.sSIdIUluPSp0xNbG2_qUFBCDRYQPQN7ltU3kDDLF5UC8yZbLpLK60osm1iU-8GqtheQvQ8udhMOq7zrH9zA20w","hyeonmin101"
"1","eyJ0eXAiOiJKV1QiLCJhbGciOiJIUzUxMiJ9.eyJzdWIiOiJoeWVvbm1pbjEwMiIsIkF1dGhvcml6YXRpb24iOiJST0xFX1VTRVIiLCJleHAiOjE3MTM5MzMzMTB9.6kLAapASYxsiJPep_x_40kCQv7vqabRgzYJoSndN0BO4Fajm3RviCwqnUqqGGZRT9QkZkMmbIYLKyYoHvVShiw","hyeonmin102"
"2","eyJ0eXAiOiJKV1QiLCJhbGciOiJIUzUxMiJ9.eyJzdWIiOiJoeWVvbm1pbjEwMyIsIkF1dGhvcml6YXRpb24iOiJST0xFX1VTRVIiLCJleHAiOjE3MTM5MzMzMTB9.k_BNb2XrIUTVFxtI8_jKNsoHHqUyHHv-gOTWDXDymo4W06FOG0I7rt5J_6iWbMEoSgbCcNXo8pBPHV0r2-lN8g","hyeonmin103"
"2","eyJ0eXAiOiJKV1QiLCJhbGciOiJIUzUxMiJ9.eyJzdWIiOiJoeWVvbm1pbjEwNCIsIkF1dGhvcml6YXRpb24iOiJST0xFX1VTRVIiLCJleHAiOjE3MTM5MzMzMTB9.aTF7PxXCxXS8STILbubsOxUOVcrMy3DTlNf2kDH510ef1TuedMD3VH2IDNcCM0pg1a9-6TKZabxo6STU4WBjvw","hyeonmin104"
"3","eyJ0eXAiOiJKV1QiLCJhbGciOiJIUzUxMiJ9.eyJzdWIiOiJoeWVvbm1pbjEwNSIsIkF1dGhvcml6YXRpb24iOiJST0xFX1VTRVIiLCJleHAiOjE3MTM5MzMzMTF9.FFTX_UP6wXymheL3jsBovbfIwwEc2l9BrOUiv-3YITL5MGXhjqCLLGbh9xBYyCX1CjYgY8kezaN5IhSycgNsiQ","hyeonmin105"
"3","eyJ0eXAiOiJKV1QiLCJhbGciOiJIUzUxMiJ9.eyJzdWIiOiJoeWVvbm1pbjEwNiIsIkF1dGhvcml6YXRpb24iOiJST0xFX1VTRVIiLCJleHAiOjE3MTM5MzMzMTB9.1SEx6tJ-qpXkPbyqpq9hYF-LSoC9AiwsFUWEk8l6vyseAwMEfaww9cA5q0y0R2ukLimc6UCepuVfPl-QlhkIhQ","hyeonmin106"
"4","eyJ0eXAiOiJKV1QiLCJhbGciOiJIUzUxMiJ9.eyJzdWIiOiJoeWVvbm1pbjEwNyIsIkF1dGhvcml6YXRpb24iOiJST0xFX1VTRVIiLCJleHAiOjE3MTM5MzMzMTF9.GEU3uw6G__oSkJx-g5t4tpzN27EJU-EcsDrqbSrQVOHNGE98Qs1Jy-VV91TgZQnrkShyH4-nVpgQ8N3xLJ1OQg","hyeonmin107"
"4","eyJ0eXAiOiJKV1QiLCJhbGciOiJIUzUxMiJ9.eyJzdWIiOiJoeWVvbm1pbjEwOCIsIkF1dGhvcml6YXRpb24iOiJST0xFX1VTRVIiLCJleHAiOjE3MTM5MzMzMTF9.KkfrGt2w2boJinhMxLI6PhMAI5MeuV_qD3Fmg_Q5Big-cP65Q5VSqAFB8FSaZLrcLlWw2KfekszqGYzhPYlCiA","hyeonmin108"
"5","eyJ0eXAiOiJKV1QiLCJhbGciOiJIUzUxMiJ9.eyJzdWIiOiJoeWVvbm1pbjEwOSIsIkF1dGhvcml6YXRpb24iOiJST0xFX1VTRVIiLCJleHAiOjE3MTM5MzMzMTF9.gLOGc5VXyqGAZV5aGW1Zzd2r5s2z3d0k7agB9Ic_eIEJppC0-aTicxWW1rDxAM-Ppw8pW6I1iHJMxF7EhOsYaQ","hyeonmin109"
"5","eyJ0eXAiOiJKV1QiLCJhbGciOiJIUzUxMiJ9.eyJzdWIiOiJoeWVvbm1pbjExMCIsIkF1dGhvcml6YXRpb24iOiJST0xFX1VTRVIiLCJleHAiOjE3MTM5MzMzMTF9.wzMKtxrWx0ZqyteYpNtY4zO2iXlvESUhWqwaH9CA9uCCK6xoXl3aBBCKY-FmmYJFGeu8aVJgDi2RmE8YIEQ-Hg","hyeonmin110"
"6","eyJ0eXAiOiJKV1QiLCJhbGciOiJIUzUxMiJ9.eyJzdWIiOiJoeWVvbm1pbjExMSIsIkF1dGhvcml6YXRpb24iOiJST0xFX1VTRVIiLCJleHAiOjE3MTM5MzMzMTJ9.QfqDGXeQ56WwWWxg-4b1jsShAp27ujDuQUgVaQRXXDB8VWGVuD-D2HcKBDJSOkWzNZLvd6bRUrVqrnM_0GPHMA","hyeonmin111"
"6","eyJ0eXAiOiJKV1QiLCJhbGciOiJIUzUxMiJ9.eyJzdWIiOiJoeWVvbm1pbjExMiIsIkF1dGhvcml6YXRpb24iOiJST0xFX1VTRVIiLCJleHAiOjE3MTM5MzMzMTJ9.c4_Z_MalCKOHDVG9tbeS4z4GlgP7ShebdC5fgAZhaDQX6m3Q1aVfroi3Dux01u5_0hrN4ApXvFUBhl6rJXClOw","hyeonmin112"
"7","eyJ0eXAiOiJKV1QiLCJhbGciOiJIUzUxMiJ9.eyJzdWIiOiJoeWVvbm1pbjExMyIsIkF1dGhvcml6YXRpb24iOiJST0xFX1VTRVIiLCJleHAiOjE3MTM5MzMzMTJ9.2DxBTLFXhOSu9tCRA_pi8NpO7ITWb5xQUx38CtQqUca3uMdoZD87B6n-2kY6WfB_a_UxlJe1Svxq1SvD18MuZg","hyeonmin113"
"7","eyJ0eXAiOiJKV1QiLCJhbGciOiJIUzUxMiJ9.eyJzdWIiOiJoeWVvbm1pbjExNCIsIkF1dGhvcml6YXRpb24iOiJST0xFX1VTRVIiLCJleHAiOjE3MTM5MzMzMTJ9.wmhw0C9rCGm0jtEsTJct4C5ajoVEFGllL7MrI1ei91toQ-RqzuUHmaYECcYBZ1WZrkSc90OKMDY6dSReRrYyag","hyeonmin114"
"8","eyJ0eXAiOiJKV1QiLCJhbGciOiJIUzUxMiJ9.eyJzdWIiOiJoeWVvbm1pbjExNSIsIkF1dGhvcml6YXRpb24iOiJST0xFX1VTRVIiLCJleHAiOjE3MTM5MzMzMTN9.5mZIKVJ-zJoN5aN3KcIvrdx3V8hzaSxVfkHyXBtRt5PLgxthSR1TGYozKgFCdcdiPIEe3nqiXmkWaKU8FrpPRw","hyeonmin115"
"8","eyJ0eXAiOiJKV1QiLCJhbGciOiJIUzUxMiJ9.eyJzdWIiOiJoeWVvbm1pbjExNiIsIkF1dGhvcml6YXRpb24iOiJST0xFX1VTRVIiLCJleHAiOjE3MTM5MzMzMTN9.8X2IlHClbxRYC_YIsZ0hIZQeXby9pDddg-y-_V_zNnEb7rGtyYy4Dqg585FONlzJb-hgQa13UQBK-zfSDuuqug","hyeonmin116"
"9","eyJ0eXAiOiJKV1QiLCJhbGciOiJIUzUxMiJ9.eyJzdWIiOiJoeWVvbm1pbjExNyIsIkF1dGhvcml6YXRpb24iOiJST0xFX1VTRVIiLCJleHAiOjE3MTM5MzMzMTN9.jqHPfxO9CVemtzLRLcwDQ4da3tV1wx4kli_qeWkQi2LuOayCSj8rlplMnqtnp9W14N7eEEXzZsEqhmUsoNDarg","hyeonmin117"
"9","eyJ0eXAiOiJKV1QiLCJhbGciOiJIUzUxMiJ9.eyJzdWIiOiJoeWVvbm1pbjExOCIsIkF1dGhvcml6YXRpb24iOiJST0xFX1VTRVIiLCJleHAiOjE3MTM5MzMzMTN9.dl6eQeCJjHoY6NqgHq9xkz896xLD1iyjSiWVH30mpvxp4Gx5jAs2MwwJTD_wbn2fpnVsmW9ELgUOPp1ySMjqhA","hyeonmin118"
"10","eyJ0eXAiOiJKV1QiLCJhbGciOiJIUzUxMiJ9.eyJzdWIiOiJoeWVvbm1pbjExOSIsIkF1dGhvcml6YXRpb24iOiJST0xFX1VTRVIiLCJleHAiOjE3MTM5MzMzMTR9.YAZMDiMIm2teUKE4x4WAw4SKXlyKbjQ7P3a4glwwuOf7kBFe3UelhabByT_OtLWq60hui1KB1ygX5AcoHh9-EA","hyeonmin119"
"10","eyJ0eXAiOiJKV1QiLCJhbGciOiJIUzUxMiJ9.eyJzdWIiOiJoeWVvbm1pbjEyMCIsIkF1dGhvcml6YXRpb24iOiJST0xFX1VTRVIiLCJleHAiOjE3MTM5MzMzMTR9.ilQvJTXO-UyxOkfuhky6dUXd2lwB5QwzMDw1rg2QLKIsIlJqVVGW3UAn9DIrRqZ1qkECXoPMw3dzUNHelhDjgw","hyeonmin120"
"11","eyJ0eXAiOiJKV1QiLCJhbGciOiJIUzUxMiJ9.eyJzdWIiOiJoeWVvbm1pbjEyMSIsIkF1dGhvcml6YXRpb24iOiJST0xFX1VTRVIiLCJleHAiOjE3MTM5MzMzMTR9.P1G8oGIeV2e-FS7zdl04EUb1wF9ppG7EndyY2j7poq2qiS4-HEE_513pYRZrxMVVBAkqpBeJjujNGb6vg_yeFQ","hyeonmin121"
"11","eyJ0eXAiOiJKV1QiLCJhbGciOiJIUzUxMiJ9.eyJzdWIiOiJoeWVvbm1pbjEyMiIsIkF1dGhvcml6YXRpb24iOiJST0xFX1VTRVIiLCJleHAiOjE3MTM5MzMzMTR9.9veVBIxq2f-8L6YnkFCc2_hT-Fq6OryLO95ejDrDdeTjnQtWbIQYoE_cIEdX25YTj5_Ga3wEtSIo87pI4VQLqg","hyeonmin122"
"12","eyJ0eXAiOiJKV1QiLCJhbGciOiJIUzUxMiJ9.eyJzdWIiOiJoeWVvbm1pbjEyMyIsIkF1dGhvcml6YXRpb24iOiJST0xFX1VTRVIiLCJleHAiOjE3MTM5MzMzMTR9.H0r00oPFeb7ZSIhrrZ8gQPLGg7LPJV2KRSWivOvHHJ81bgDrP0E_-_0ZGQp8bt0moXtpXTPEMzlbnOecp5Nodg","hyeonmin123"
"12","eyJ0eXAiOiJKV1QiLCJhbGciOiJIUzUxMiJ9.eyJzdWIiOiJoeWVvbm1pbjEyNCIsIkF1dGhvcml6YXRpb24iOiJST0xFX1VTRVIiLCJleHAiOjE3MTM5MzMzMTR9.VXf16fwByTLzRYPgyCuNdOdMveUAAmMHCYcl9gxv4h67vRhhXP7E-m8SG1JuAruf7PqQcpWb6V-R83epa-LeLw","hyeonmin124"
"13","eyJ0eXAiOiJKV1QiLCJhbGciOiJIUzUxMiJ9.eyJzdWIiOiJoeWVvbm1pbjEyNSIsIkF1dGhvcml6YXRpb24iOiJST0xFX1VTRVIiLCJleHAiOjE3MTM5MzMzMTV9.jRoUQx64dRjEWOPvZTIIaP_xOmQu71eVqbuvmcWrLEWOg_bsKmEJAoNUQxzUpcc7Rnw-gZdreRaj-2oEvkFPqQ","hyeonmin125"
"13","eyJ0eXAiOiJKV1QiLCJhbGciOiJIUzUxMiJ9.eyJzdWIiOiJoeWVvbm1pbjEyNiIsIkF1dGhvcml6YXRpb24iOiJST0xFX1VTRVIiLCJleHAiOjE3MTM5MzMzMTV9.1Cv4t0-mFUpF89kkmIiHbj02GQ6wM0ZmWT8XxFaAiYIzLD6mezdIvGrhSXxrNZbhmR3IPGCIFndgfeK2vX3PLw","hyeonmin126"
"14","eyJ0eXAiOiJKV1QiLCJhbGciOiJIUzUxMiJ9.eyJzdWIiOiJoeWVvbm1pbjEyNyIsIkF1dGhvcml6YXRpb24iOiJST0xFX1VTRVIiLCJleHAiOjE3MTM5MzMzMTV9.cnMchY9RlWr2i2IsydkKk19FdC1IIniPsEDXdVvBe6QcU41k1qMYdgM-u6VxPYZgjWBesJdm_OMJdl7Q7tWYwQ","hyeonmin127"
"14","eyJ0eXAiOiJKV1QiLCJhbGciOiJIUzUxMiJ9.eyJzdWIiOiJoeWVvbm1pbjEyOCIsIkF1dGhvcml6YXRpb24iOiJST0xFX1VTRVIiLCJleHAiOjE3MTM5MzMzMTV9.XGBwdTSi3b9dsHUuUIG0l92jkc22nezBU1dPLhpJURiwk578zpgTRfTnYN5do42uu-2m5qya4k1LxDGHltgJNw","hyeonmin128"
"15","eyJ0eXAiOiJKV1QiLCJhbGciOiJIUzUxMiJ9.eyJzdWIiOiJoeWVvbm1pbjEyOSIsIkF1dGhvcml6YXRpb24iOiJST0xFX1VTRVIiLCJleHAiOjE3MTM5MzMzMTZ9.PH6yOJbhvmHxeCFpKGqeJrKwRrvYbMfuF5nBIdOImQbYxHOInnUOb_Uf-usJwcQJLHHOXpkrPeuDP_9t0HNRPw","hyeonmin129"
"15","eyJ0eXAiOiJKV1QiLCJhbGciOiJIUzUxMiJ9.eyJzdWIiOiJoeWVvbm1pbjEzMCIsIkF1dGhvcml6YXRpb24iOiJST0xFX1VTRVIiLCJleHAiOjE3MTM5MzMzMTZ9.1w2L1fh4DgmzE6cNWyNvbHCUGjv_ZulPT75XpgGoCdtoTm97-n-It8qbeE6IPCvHZ6VOgdAZf7VUAvBLE5YLoA","hyeonmin130"
"16","eyJ0eXAiOiJKV1QiLCJhbGciOiJIUzUxMiJ9.eyJzdWIiOiJoeWVvbm1pbjEzMSIsIkF1dGhvcml6YXRpb24iOiJST0xFX1VTRVIiLCJleHAiOjE3MTM5MzMzMTZ9.jwjYqtlp9Cmloi6VX22fym-SlZZ4ApR4rFGRYigeg_W5yQ6V9oJHu5rkxW-wWbIIJjC930eN_OS5_xe1-hDWxA","hyeonmin131"
"16","eyJ0eXAiOiJKV1QiLCJhbGciOiJIUzUxMiJ9.eyJzdWIiOiJoeWVvbm1pbjEzMiIsIkF1dGhvcml6YXRpb24iOiJST0xFX1VTRVIiLCJleHAiOjE3MTM5MzMzMTZ9.p-KdSx73INGKUfUCLlb1q9_jPJNeQvPiHSESZVFnIZKgL4-3DGXI6Rf2N5eVgw9pM4tgZfCIS9wYsSEVbCVurg","hyeonmin132"
"17","eyJ0eXAiOiJKV1QiLCJhbGciOiJIUzUxMiJ9.eyJzdWIiOiJoeWVvbm1pbjEzMyIsIkF1dGhvcml6YXRpb24iOiJST0xFX1VTRVIiLCJleHAiOjE3MTM5MzMzMTd9.uCe131D-ZMrDOwfOZKb4UMBDZopOEm8GS_-SuVyKqz25ZQQi0DDv4K3h81rzUkEDQ19T9VUF4OrdaRrULwrbew","hyeonmin133"
"17","eyJ0eXAiOiJKV1QiLCJhbGciOiJIUzUxMiJ9.eyJzdWIiOiJoeWVvbm1pbjEzNCIsIkF1dGhvcml6YXRpb24iOiJST0xFX1VTRVIiLCJleHAiOjE3MTM5MzMzMTZ9.d5HQGjgS3HV0vIoyKtfOLjqmieHz2d7FSOy1WdAo75XQ2J2HKV3MB5QSeACjvBFs761oJ7qMmF6vaGxoQPdOLA","hyeonmin134"
"18","eyJ0eXAiOiJKV1QiLCJhbGciOiJIUzUxMiJ9.eyJzdWIiOiJoeWVvbm1pbjEzNSIsIkF1dGhvcml6YXRpb24iOiJST0xFX1VTRVIiLCJleHAiOjE3MTM5MzMzMTd9.dTuLXliY7hglTPtRdWtMRUmLBwdcIgHAqa9wb90LXJBtGsRmVGL2e98FdN3rVzGrRd6u7zEVdyfwFSg5JI3Rpg","hyeonmin135"
"18","eyJ0eXAiOiJKV1QiLCJhbGciOiJIUzUxMiJ9.eyJzdWIiOiJoeWVvbm1pbjEzNiIsIkF1dGhvcml6YXRpb24iOiJST0xFX1VTRVIiLCJleHAiOjE3MTM5MzMzMTd9.AWbQJ8xi1ptfvtUaxfbVfNvg6l6WAypgCdqnec8yWGreG4XwnnHGhCHsFPQNVI5VTQlRSKfd7epH70yEx7RhwQ","hyeonmin136"
"19","eyJ0eXAiOiJKV1QiLCJhbGciOiJIUzUxMiJ9.eyJzdWIiOiJoeWVvbm1pbjEzNyIsIkF1dGhvcml6YXRpb24iOiJST0xFX1VTRVIiLCJleHAiOjE3MTM5MzMzMTd9.rrMg7kgzlFfKr9arQJzAK72rw0CE-bL3r1xTF6qM2bJPumZIv0e6Z1dITWgvvJmy7YhYayygV-CWwP9PrYujyg","hyeonmin137"
"19","eyJ0eXAiOiJKV1QiLCJhbGciOiJIUzUxMiJ9.eyJzdWIiOiJoeWVvbm1pbjEzOCIsIkF1dGhvcml6YXRpb24iOiJST0xFX1VTRVIiLCJleHAiOjE3MTM5MzMzMTd9.t4rQIDs1AF5eV9OjO__vy_QKyPj4miiew-MLTO4x9zMDH1VbasekxrdUib9uKZUgkcobFtLWIbh1gQZ9fOd1Tg","hyeonmin138"
"20","eyJ0eXAiOiJKV1QiLCJhbGciOiJIUzUxMiJ9.eyJzdWIiOiJoeWVvbm1pbjEzOSIsIkF1dGhvcml6YXRpb24iOiJST0xFX1VTRVIiLCJleHAiOjE3MTM5MzMzMTh9.qnWEFf4WyCMQ5rf30GSjrN1rZwprRpKO_ck6ZmWSBZh2_ryuN9tyrQBThX2byGImA5xSvfR9RBsr2egEzqCGgg","hyeonmin139"
"20","eyJ0eXAiOiJKV1QiLCJhbGciOiJIUzUxMiJ9.eyJzdWIiOiJoeWVvbm1pbjE0MCIsIkF1dGhvcml6YXRpb24iOiJST0xFX1VTRVIiLCJleHAiOjE3MTM5MzMzMTh9.PnkyIRCw6c1s45u_xdO56OfOeC5ANAdudy8uuAzEHCsduGoBJZ5LrBfqs2t95tY-2krNaT1vvdZqFQzmhZgc4A","hyeonmin140"
"21","eyJ0eXAiOiJKV1QiLCJhbGciOiJIUzUxMiJ9.eyJzdWIiOiJoeWVvbm1pbjE0MSIsIkF1dGhvcml6YXRpb24iOiJST0xFX1VTRVIiLCJleHAiOjE3MTM5MzMzMTh9.3NKuAQObD5OSj2DvTSWVd0MlnoFv2fhh-VW3w9_Aa0NKQfdSEchmLqP7AdpxfdKY9R7zPEx6Mt77DP7o6Q1Z6g","hyeonmin141"
"21","eyJ0eXAiOiJKV1QiLCJhbGciOiJIUzUxMiJ9.eyJzdWIiOiJoeWVvbm1pbjE0MiIsIkF1dGhvcml6YXRpb24iOiJST0xFX1VTRVIiLCJleHAiOjE3MTM5MzMzMTh9.rVETK7QWK0vYtGzq0jQACmE1FqiI-jVoe3T8PrKqa9972khTtbjSao_vXkYPXV0GoDtq0tCMbVGQVzIojkKDKQ","hyeonmin142"
"22","eyJ0eXAiOiJKV1QiLCJhbGciOiJIUzUxMiJ9.eyJzdWIiOiJoeWVvbm1pbjE0MyIsIkF1dGhvcml6YXRpb24iOiJST0xFX1VTRVIiLCJleHAiOjE3MTM5MzMzMTl9.LZR_aIY7CA-stNKlhjhIjoZZDgUmPav-OmNujZt1hvb3GOMjNZk6SsTn5BYbvPAMTIm6lAnx_C2hFkrDpJM6SA","hyeonmin143"
"22","eyJ0eXAiOiJKV1QiLCJhbGciOiJIUzUxMiJ9.eyJzdWIiOiJoeWVvbm1pbjE0NCIsIkF1dGhvcml6YXRpb24iOiJST0xFX1VTRVIiLCJleHAiOjE3MTM5MzMzMTh9.W3fbSis78-R9yK9S5HpjkQ4ekVEdXdpN9B4SZ9BdZ2PCIb0ehrLdTnDa7NBds3HEXoZ_9Y_yVt02HpcaNIC1Uw","hyeonmin144"
"23","eyJ0eXAiOiJKV1QiLCJhbGciOiJIUzUxMiJ9.eyJzdWIiOiJoeWVvbm1pbjE0NSIsIkF1dGhvcml6YXRpb24iOiJST0xFX1VTRVIiLCJleHAiOjE3MTM5MzMzMTl9.dFigga_CgzO5TF0F_6CrQZKC_Mny2DNjs2V8DSM578X-lyWDHvdikg2r6muhnqzN9TxroFODrOgw4lhBNwLqWA","hyeonmin145"
"23","eyJ0eXAiOiJKV1QiLCJhbGciOiJIUzUxMiJ9.eyJzdWIiOiJoeWVvbm1pbjE0NiIsIkF1dGhvcml6YXRpb24iOiJST0xFX1VTRVIiLCJleHAiOjE3MTM5MzMzMTl9.GUpmCSK9PNCGIR9nssCHiQ0nHenX4WwIvZSukxvxHq6OiGwTlTlTTvMeO-TRl0BAjoAEfHNA784uuABvN-4dPQ","hyeonmin146"
"24","eyJ0eXAiOiJKV1QiLCJhbGciOiJIUzUxMiJ9.eyJzdWIiOiJoeWVvbm1pbjE0NyIsIkF1dGhvcml6YXRpb24iOiJST0xFX1VTRVIiLCJleHAiOjE3MTM5MzMzMTl9.tYX9nVWNfVPqoP3m9LJjpulrRwqrRz9BMP0KeGG5Jzt8JNrtpowrc7M7gxWE7p5O-clMYl-GU7pole0fcvny8w","hyeonmin147"
"24","eyJ0eXAiOiJKV1QiLCJhbGciOiJIUzUxMiJ9.eyJzdWIiOiJoeWVvbm1pbjE0OCIsIkF1dGhvcml6YXRpb24iOiJST0xFX1VTRVIiLCJleHAiOjE3MTM5MzMzMTl9.uEzMObbPrIua2d5mr7v4gkM1ySTeCqd91jGlDfbPaNRvPsvwsBGTjW0jELqLImRpjmzpnDai3OPSgdwB2rO3aQ","hyeonmin148"
"25","eyJ0eXAiOiJKV1QiLCJhbGciOiJIUzUxMiJ9.eyJzdWIiOiJoeWVvbm1pbjE0OSIsIkF1dGhvcml6YXRpb24iOiJST0xFX1VTRVIiLCJleHAiOjE3MTM5MzMzMjB9.m6Guvkv2P1Mdp9eZnDAeVbQI_mTIdvpbwNDPPqXGes8jV11XxZ2wfaZWJejbNUFYYz0e5eDnFitXsno9e05tQg","hyeonmin149"
"25","eyJ0eXAiOiJKV1QiLCJhbGciOiJIUzUxMiJ9.eyJzdWIiOiJoeWVvbm1pbjE1MCIsIkF1dGhvcml6YXRpb24iOiJST0xFX1VTRVIiLCJleHAiOjE3MTM5MzMzMjB9.u98AY_NE8tl5zC1Lwfd6uKiec1NI1G-sDxIXetZcAiNdZkannlMvS1_UQqbyAzRcqQI9h1RdNsjZfGmU6CZD2A","hyeonmin150"
"26","eyJ0eXAiOiJKV1QiLCJhbGciOiJIUzUxMiJ9.eyJzdWIiOiJoeWVvbm1pbjE1MSIsIkF1dGhvcml6YXRpb24iOiJST0xFX1VTRVIiLCJleHAiOjE3MTM5MzMzMjB9.yKL8-sLo05smbfq0sGA6H7mJw8KjSXo51DNek4anwu0zaNARgYuGn_-7WyqAm9MI1kcrHdy3WzQ4NZnIT8O06A","hyeonmin151"
"26","eyJ0eXAiOiJKV1QiLCJhbGciOiJIUzUxMiJ9.eyJzdWIiOiJoeWVvbm1pbjE1MiIsIkF1dGhvcml6YXRpb24iOiJST0xFX1VTRVIiLCJleHAiOjE3MTM5MzMzMjB9.h7X0vYeID3v1KYLU7XBK4MPHb2DULXZhndjSmMPb_HbwAmQN9yZ8isZoiBBG7J-N1yohfpi_zSF0bKkIsnBiOw","hyeonmin152"
"27","eyJ0eXAiOiJKV1QiLCJhbGciOiJIUzUxMiJ9.eyJzdWIiOiJoeWVvbm1pbjE1MyIsIkF1dGhvcml6YXRpb24iOiJST0xFX1VTRVIiLCJleHAiOjE3MTM5MzMzMjF9.R_2extS2g63VInwlbHxwofB_YA8DBQHgQ9lVW-rjLMTV0mj9s_ceFcb8kgFAX6Qs2OjEun0hozdQejnUmkarsg","hyeonmin153"
"27","eyJ0eXAiOiJKV1QiLCJhbGciOiJIUzUxMiJ9.eyJzdWIiOiJoeWVvbm1pbjE1NCIsIkF1dGhvcml6YXRpb24iOiJST0xFX1VTRVIiLCJleHAiOjE3MTM5MzMzMjB9.pIlRmv8Exq38edYymr0WEwQaH3e9dTkqeGrG9FVI2uF1d4Byw7x8gfo-mH2uXszwy2cAkKCPaLFkWCK0GMlqGA","hyeonmin154"
"28","eyJ0eXAiOiJKV1QiLCJhbGciOiJIUzUxMiJ9.eyJzdWIiOiJoeWVvbm1pbjE1NSIsIkF1dGhvcml6YXRpb24iOiJST0xFX1VTRVIiLCJleHAiOjE3MTM5MzMzMjF9.w5GrfxtVNOuaYvlkqeSfv8eRfamhDhNh2jTQ2Bkee05Bx56UZ_pypn1Kwmxqk60I7-enjcNUyFZGT1OIEdwUsQ","hyeonmin155"
"28","eyJ0eXAiOiJKV1QiLCJhbGciOiJIUzUxMiJ9.eyJzdWIiOiJoeWVvbm1pbjE1NiIsIkF1dGhvcml6YXRpb24iOiJST0xFX1VTRVIiLCJleHAiOjE3MTM5MzMzMjF9.I3sO5vSSc1YHunl0koZHumIX4wmU0Lf3_88b_9uupKtaYE_wNnG5qT1cefXV6fioAkqKmW1wyIxJ02mdox78KA","hyeonmin156"
"29","eyJ0eXAiOiJKV1QiLCJhbGciOiJIUzUxMiJ9.eyJzdWIiOiJoeWVvbm1pbjE1NyIsIkF1dGhvcml6YXRpb24iOiJST0xFX1VTRVIiLCJleHAiOjE3MTM5MzMzMjF9.e4oq-YXumVhcCQ0s9L2k9ycyOanwaI4EH0CRWT4QS0KdElseAor-HJttY6uNNXWcenRC015NcYT1YaRgc61d-A","hyeonmin157"
"29","eyJ0eXAiOiJKV1QiLCJhbGciOiJIUzUxMiJ9.eyJzdWIiOiJoeWVvbm1pbjE1OCIsIkF1dGhvcml6YXRpb24iOiJST0xFX1VTRVIiLCJleHAiOjE3MTM5MzMzMjF9.cR7jimFZJlLKdT5Knvhl796gb-Wqj5JCJdtH6jCB-A9Mg4DOHPlYyW4CF-lEEG2Rpp-kJqn-BU3RU1gElVv7OA","hyeonmin158"
"30","eyJ0eXAiOiJKV1QiLCJhbGciOiJIUzUxMiJ9.eyJzdWIiOiJoeWVvbm1pbjE1OSIsIkF1dGhvcml6YXRpb24iOiJST0xFX1VTRVIiLCJleHAiOjE3MTM5MzMzMjJ9.mTMJpt2QsOj3DqilM2VDq-jgvG5tazi4GDwmSKm9XtIUeVKk2q_uIbCwl1-RDxuQW9a0xQd0v70VqrxWT5SApw","hyeonmin159"
"30","eyJ0eXAiOiJKV1QiLCJhbGciOiJIUzUxMiJ9.eyJzdWIiOiJoeWVvbm1pbjE2MCIsIkF1dGhvcml6YXRpb24iOiJST0xFX1VTRVIiLCJleHAiOjE3MTM5MzMzMjJ9.EDjZjOegeSkUe-yWvyrbZbQ_SVWeaYo2wrFE9XdP6Xlt1AR2PD-IqmyKYsWD8yku8XGo67-PizLfx6REmZmTRA","hyeonmin160"
"31","eyJ0eXAiOiJKV1QiLCJhbGciOiJIUzUxMiJ9.eyJzdWIiOiJoeWVvbm1pbjE2MSIsIkF1dGhvcml6YXRpb24iOiJST0xFX1VTRVIiLCJleHAiOjE3MTM5MzMzMjJ9.bkLnOlIFQh1dLuvxikz1yvl2c3H4mErJTGeOTl8iSbGITO6uOfPiy3vvXpql0vmzFvs3wE-Zf4XED-aGzdMqNA","hyeonmin161"
"31","eyJ0eXAiOiJKV1QiLCJhbGciOiJIUzUxMiJ9.eyJzdWIiOiJoeWVvbm1pbjE2MiIsIkF1dGhvcml6YXRpb24iOiJST0xFX1VTRVIiLCJleHAiOjE3MTM5MzMzMjJ9.ASlgYZp_DjphNog2kRK1i4vrJ2Hvr--Zq71aLq7O2gZ0eZ0j9vv4btxKbc3AwaIZzwgz38ZvcCvs65glT8ww8g","hyeonmin162"
"32","eyJ0eXAiOiJKV1QiLCJhbGciOiJIUzUxMiJ9.eyJzdWIiOiJoeWVvbm1pbjE2MyIsIkF1dGhvcml6YXRpb24iOiJST0xFX1VTRVIiLCJleHAiOjE3MTM5MzMzMjN9.2Q0bc4ibIVKBr6XKvOhsaDhYqOsMd3Mslu-JkjVQgayPdAV5gASVETv6iE3UMm9eqX1s5r212eRXzNbohgyTDw","hyeonmin163"
"32","eyJ0eXAiOiJKV1QiLCJhbGciOiJIUzUxMiJ9.eyJzdWIiOiJoeWVvbm1pbjE2NCIsIkF1dGhvcml6YXRpb24iOiJST0xFX1VTRVIiLCJleHAiOjE3MTM5MzMzMjN9.r-7R8cdCogeI_CJNro59KD7R-8-98fY9ktRvWuEjISslGdbytVVBZg_nSBzpKcTqY3c8ZVm606-rRTIvTO9V-Q","hyeonmin164"
"33","eyJ0eXAiOiJKV1QiLCJhbGciOiJIUzUxMiJ9.eyJzdWIiOiJoeWVvbm1pbjE2NSIsIkF1dGhvcml6YXRpb24iOiJST0xFX1VTRVIiLCJleHAiOjE3MTM5MzMzMjN9.dEXZUd1yqPSGHzJ8WILN9c-nLn5VoOEG9sBtMj2zeF-2PGgsWyNrzUwTL-9E5gR8jEuppPNKogytO-aOvPoYbA","hyeonmin165"
"33","eyJ0eXAiOiJKV1QiLCJhbGciOiJIUzUxMiJ9.eyJzdWIiOiJoeWVvbm1pbjE2NiIsIkF1dGhvcml6YXRpb24iOiJST0xFX1VTRVIiLCJleHAiOjE3MTM5MzMzMjN9.64ILSzay3BcRSWtCbcUVI73tJbyzSunLXV_lsAz5nYDNYWatrEKOjEsJ5FPT-Jk2wRP3bFg6i8y6Zb0_HHdLdA","hyeonmin166"
"34","eyJ0eXAiOiJKV1QiLCJhbGciOiJIUzUxMiJ9.eyJzdWIiOiJoeWVvbm1pbjE2NyIsIkF1dGhvcml6YXRpb24iOiJST0xFX1VTRVIiLCJleHAiOjE3MTM5MzMzMjN9.UwKgJZJvb245QXOQtg0PhIgBUP5Nmz55YNyp-lnMxzxSQKH1fyOFxxYO0t2arzH5KsNuZ-9S4SDEUQR3z8NDQg","hyeonmin167"
"34","eyJ0eXAiOiJKV1QiLCJhbGciOiJIUzUxMiJ9.eyJzdWIiOiJoeWVvbm1pbjE2OCIsIkF1dGhvcml6YXRpb24iOiJST0xFX1VTRVIiLCJleHAiOjE3MTM5MzMzMjN9.jo7BYJH6C2h4N7fcGmWuT0i_K0OtpiUXeHa0eBdhzBK7sRkRVvWzX72tjhrmcZ0UN9Fd8g9lyJwRCa740Lsx3A","hyeonmin168"
"35","eyJ0eXAiOiJKV1QiLCJhbGciOiJIUzUxMiJ9.eyJzdWIiOiJoeWVvbm1pbjE2OSIsIkF1dGhvcml6YXRpb24iOiJST0xFX1VTRVIiLCJleHAiOjE3MTM5MzMzMjR9.YA-6IgV4DhowLnwS6HSZbRTxOAawmBzZvLFGkfDYTk54Vxn1_rBc1-_zlAuiaWIqPhDyetUMmdHJeX1KjzPkjA","hyeonmin169"
"35","eyJ0eXAiOiJKV1QiLCJhbGciOiJIUzUxMiJ9.eyJzdWIiOiJoeWVvbm1pbjE3MCIsIkF1dGhvcml6YXRpb24iOiJST0xFX1VTRVIiLCJleHAiOjE3MTM5MzMzMjR9.WMU4ePViGxQlpZuM9icxrDQj9mruBvF6jR7bDq84IAV7VEIp4cWqwIKXXkr9GH2sp_k9oa3ZYOQeeBOQdomebQ","hyeonmin170"
"36","eyJ0eXAiOiJKV1QiLCJhbGciOiJIUzUxMiJ9.eyJzdWIiOiJoeWVvbm1pbjE3MSIsIkF1dGhvcml6YXRpb24iOiJST0xFX1VTRVIiLCJleHAiOjE3MTM5MzMzMjR9.-C_N2trn-_4pueUsefdLQ56gRIPUZ4109dCfkGjcfCIstH0Mz8z-_4tyHhzXLWm0dvRpa_Waf0YtzYayP6Nlig","hyeonmin171"
"36","eyJ0eXAiOiJKV1QiLCJhbGciOiJIUzUxMiJ9.eyJzdWIiOiJoeWVvbm1pbjE3MiIsIkF1dGhvcml6YXRpb24iOiJST0xFX1VTRVIiLCJleHAiOjE3MTM5MzMzMjR9.X-OyOX_nUuN3ufICzw7Rx_flZzcXqlTmODN9CutdOR2jsc-RPFtEK8NPzVASM6B0ugloxSpUtLiDwhZ_ThksVg","hyeonmin172"
"37","eyJ0eXAiOiJKV1QiLCJhbGciOiJIUzUxMiJ9.eyJzdWIiOiJoeWVvbm1pbjE3MyIsIkF1dGhvcml6YXRpb24iOiJST0xFX1VTRVIiLCJleHAiOjE3MTM5MzMzMjV9.6zrfwx12YK7Rpvuuo4AoFum--5ygGtGPbZybF0rvQ3FwWZeISDuFlz89Knexps4BHeHH_Gau5xj5ADmKs1gtFg","hyeonmin173"
"37","eyJ0eXAiOiJKV1QiLCJhbGciOiJIUzUxMiJ9.eyJzdWIiOiJoeWVvbm1pbjE3NCIsIkF1dGhvcml6YXRpb24iOiJST0xFX1VTRVIiLCJleHAiOjE3MTM5MzMzMjV9.lWRgReoxsMuzKRhUChKiXIdkuUD6A1JRbfrZlhEtBPQV0uX76HZG9JpcEc9DbegOQES90v6SJnr8vqxYZi0Q7g","hyeonmin174"
"38","eyJ0eXAiOiJKV1QiLCJhbGciOiJIUzUxMiJ9.eyJzdWIiOiJoeWVvbm1pbjE3NSIsIkF1dGhvcml6YXRpb24iOiJST0xFX1VTRVIiLCJleHAiOjE3MTM5MzMzMjV9.kJbFV5W6WIdDBBpgNF_633bZvyhKFMnXIBR9dRWDdtBdzstnrgXKdYlGmzWRMU0Wu6f878ZddynZFxK_5LRpwg","hyeonmin175"
"38","eyJ0eXAiOiJKV1QiLCJhbGciOiJIUzUxMiJ9.eyJzdWIiOiJoeWVvbm1pbjE3NiIsIkF1dGhvcml6YXRpb24iOiJST0xFX1VTRVIiLCJleHAiOjE3MTM5MzMzMjV9.ui9FvrTOfw06bdOfAtczNbkM3TaIzlqLLTWgn1VgigjSofaenMaKM4uF069QVpvowwsv6HtzNyN3drM1HXXkCA","hyeonmin176"
"39","eyJ0eXAiOiJKV1QiLCJhbGciOiJIUzUxMiJ9.eyJzdWIiOiJoeWVvbm1pbjE3NyIsIkF1dGhvcml6YXRpb24iOiJST0xFX1VTRVIiLCJleHAiOjE3MTM5MzMzMjV9.smvR_SoLFL3K5DF5K5sahlBIqZtG_YxHTdTYzP5x_Kk_2-mg-0tzqMy4sYwgBfj77V_x9d_WBt80nG12gbs4LA","hyeonmin177"
"39","eyJ0eXAiOiJKV1QiLCJhbGciOiJIUzUxMiJ9.eyJzdWIiOiJoeWVvbm1pbjE3OCIsIkF1dGhvcml6YXRpb24iOiJST0xFX1VTRVIiLCJleHAiOjE3MTM5MzMzMjV9.r1vC97riPVeC8772VOG6ExWDDLvFW3uW1OnpBJTKGy2lLT21z_-pQCBcWWFpGfDFhkuiEIsK0HIsj1WQPC3BAw","hyeonmin178"
"40","eyJ0eXAiOiJKV1QiLCJhbGciOiJIUzUxMiJ9.eyJzdWIiOiJoeWVvbm1pbjE3OSIsIkF1dGhvcml6YXRpb24iOiJST0xFX1VTRVIiLCJleHAiOjE3MTM5MzMzMjZ9.dQ2bRoHUoTmAdwEuIRaFllKwm87saXDmIM_EDTjy4gMS8kHFx04ZIR0jAUt5E3-R7uGotwwLszthXmPe_IQU7g","hyeonmin179"
"40","eyJ0eXAiOiJKV1QiLCJhbGciOiJIUzUxMiJ9.eyJzdWIiOiJoeWVvbm1pbjE4MCIsIkF1dGhvcml6YXRpb24iOiJST0xFX1VTRVIiLCJleHAiOjE3MTM5MzMzMjZ9.vnHNQkQdytJ22j5NfWbquIlpn32T_g2irvf6VWXOZy9hUFyzGxtDG7mSKSn2qsn4Sx8zUEubnvR4UXSyAdq_qg","hyeonmin180"
"41","eyJ0eXAiOiJKV1QiLCJhbGciOiJIUzUxMiJ9.eyJzdWIiOiJoeWVvbm1pbjE4MSIsIkF1dGhvcml6YXRpb24iOiJST0xFX1VTRVIiLCJleHAiOjE3MTM5MzMzMjZ9.Ch1dUpqp-0Biz1FRPNYZ4Qu8rAMi7ZWTRQE-YCDw4h1m9I90czogQEkCRCSC0chR7lHK52nLaS-9KmFCml1R5g","hyeonmin181"
"41","eyJ0eXAiOiJKV1QiLCJhbGciOiJIUzUxMiJ9.eyJzdWIiOiJoeWVvbm1pbjE4MiIsIkF1dGhvcml6YXRpb24iOiJST0xFX1VTRVIiLCJleHAiOjE3MTM5MzMzMjZ9.PehcsT_jhHcQQjPz2xjHdL4gXsZZkKOyghV29AwBorTDil5w46pW6ZT6xEOdTDqtafCod90nAAjn2Q253lPFBw","hyeonmin182"
"42","eyJ0eXAiOiJKV1QiLCJhbGciOiJIUzUxMiJ9.eyJzdWIiOiJoeWVvbm1pbjE4MyIsIkF1dGhvcml6YXRpb24iOiJST0xFX1VTRVIiLCJleHAiOjE3MTM5MzMzMjd9.6-d6G_7qwv8AGHFsSSVpB60T1-Oy4aEeuE79GYX18xi0hOoTtbQcWJAH_cD2CBwdHwTf-8jNvYvY7lfTBS9mhA","hyeonmin183"
"42","eyJ0eXAiOiJKV1QiLCJhbGciOiJIUzUxMiJ9.eyJzdWIiOiJoeWVvbm1pbjE4NCIsIkF1dGhvcml6YXRpb24iOiJST0xFX1VTRVIiLCJleHAiOjE3MTM5MzMzMjd9.DKZhLSBhKvLl01dbVVp-JHj43zrB0Oo3mA5TxkMiFLZy6aHlXKjg9wylHMwv5rpdi982hnkopNvqKckE9JxD9g","hyeonmin184"
"43","eyJ0eXAiOiJKV1QiLCJhbGciOiJIUzUxMiJ9.eyJzdWIiOiJoeWVvbm1pbjE4NSIsIkF1dGhvcml6YXRpb24iOiJST0xFX1VTRVIiLCJleHAiOjE3MTM5MzMzMjd9.jzgYWJTozU97PkqzDrm5pcIlKiA9_HGJt1LOkBzI4C-Ob-q_DKbr8NmCcOfU1AJ1E_rW6o09GdB0AEsbzkkdXA","hyeonmin185"
"43","eyJ0eXAiOiJKV1QiLCJhbGciOiJIUzUxMiJ9.eyJzdWIiOiJoeWVvbm1pbjE4NiIsIkF1dGhvcml6YXRpb24iOiJST0xFX1VTRVIiLCJleHAiOjE3MTM5MzMzMjd9.LF-yI_2PPwh4SdgkVDLlRCuzZPKuprdFkUmIrzTFP7sTQ_KTwgCPzw1OK4tGkMzGSwkkkJfXDnOHVkogiXNnZQ","hyeonmin186"
"44","eyJ0eXAiOiJKV1QiLCJhbGciOiJIUzUxMiJ9.eyJzdWIiOiJoeWVvbm1pbjE4NyIsIkF1dGhvcml6YXRpb24iOiJST0xFX1VTRVIiLCJleHAiOjE3MTM5MzMzMjd9.z90TS0oI6HGjOoDow8O9aneVAjh0fhFWVU35lUBwr1QQNgPgrLzw-_CVapJ8zG8Ri3lxN6ro6p6nPL95yhRIEg","hyeonmin187"
"44","eyJ0eXAiOiJKV1QiLCJhbGciOiJIUzUxMiJ9.eyJzdWIiOiJoeWVvbm1pbjE4OCIsIkF1dGhvcml6YXRpb24iOiJST0xFX1VTRVIiLCJleHAiOjE3MTM5MzMzMjd9.KD-kwH6RuU2T0N4riUwHnPmu-DHgs79RhSOwJ679A--ZCsfKwlyJ8ptBVTSCsLPDvQFD7VC1kt1VJgm6LoRC5A","hyeonmin188"
"45","eyJ0eXAiOiJKV1QiLCJhbGciOiJIUzUxMiJ9.eyJzdWIiOiJoeWVvbm1pbjE4OSIsIkF1dGhvcml6YXRpb24iOiJST0xFX1VTRVIiLCJleHAiOjE3MTM5MzMzMjh9.9Wln_TCjIuXXZgsq65_PbnD38Kq1hBfgJqRlP_zk2KlfNSASGBR6hqWA-iPJpGEfRNgTCzv9Nmhp0pEVaGpVnA","hyeonmin189"
"45","eyJ0eXAiOiJKV1QiLCJhbGciOiJIUzUxMiJ9.eyJzdWIiOiJoeWVvbm1pbjE5MCIsIkF1dGhvcml6YXRpb24iOiJST0xFX1VTRVIiLCJleHAiOjE3MTM5MzMzMjh9.e5RtT1Ag_tAcONpX3_QOzYSCK7PCVofTJdGjUkC3SIeh0cRnDdv-y82K0eBzPpvIyJnlW9n8Id672twNWHa4aQ","hyeonmin190"
"46","eyJ0eXAiOiJKV1QiLCJhbGciOiJIUzUxMiJ9.eyJzdWIiOiJoeWVvbm1pbjE5MSIsIkF1dGhvcml6YXRpb24iOiJST0xFX1VTRVIiLCJleHAiOjE3MTM5MzMzMjh9.jAABvhScyWnKhlqBLBvpCYZVlQ6TDlZJKT6ln8L23YM8MDUpH_4iiMvz9XGntjzk3f-UJWGE6BSosba3PfbE1A","hyeonmin191"
"46","eyJ0eXAiOiJKV1QiLCJhbGciOiJIUzUxMiJ9.eyJzdWIiOiJoeWVvbm1pbjE5MiIsIkF1dGhvcml6YXRpb24iOiJST0xFX1VTRVIiLCJleHAiOjE3MTM5MzMzMjh9.pVt9ssRmVxBlIP5ieQUxYKMqYhleCXiuPCMtXkGqQ_UvTsWiCUFDvXZRJkOA2-bOpuuZjS6HMt-d__xoCediWw","hyeonmin192"
"47","eyJ0eXAiOiJKV1QiLCJhbGciOiJIUzUxMiJ9.eyJzdWIiOiJoeWVvbm1pbjE5MyIsIkF1dGhvcml6YXRpb24iOiJST0xFX1VTRVIiLCJleHAiOjE3MTM5MzMzMjl9.Uwi4jt0dwj__jBCf7hCsOsqcJ4yo9QwZcJv55eS4-n1pwwC7chx-wpFDr8kUWBUB8WCAeuf2cxbypijH9I1dmQ","hyeonmin193"
"47","eyJ0eXAiOiJKV1QiLCJhbGciOiJIUzUxMiJ9.eyJzdWIiOiJoeWVvbm1pbjE5NCIsIkF1dGhvcml6YXRpb24iOiJST0xFX1VTRVIiLCJleHAiOjE3MTM5MzMzMjl9.6APsUmXgS8wcb7u5lZM2zLcsr2ePq91alb5Yeq9d9NyzDsE-OF441WW4jtagTCpUVFFEyz8SDoVuN24yGUaypw","hyeonmin194"
"48","eyJ0eXAiOiJKV1QiLCJhbGciOiJIUzUxMiJ9.eyJzdWIiOiJoeWVvbm1pbjE5NSIsIkF1dGhvcml6YXRpb24iOiJST0xFX1VTRVIiLCJleHAiOjE3MTM5MzMzMjl9.b12Ym8a3zRGXdr8ekrH5h7jgb0q4E2zL5sQWsYVHDynGZvAm1CK7zmibr0lAfrnnWA_fcu_HwsvFLVuX_ujOHw","hyeonmin195"
"48","eyJ0eXAiOiJKV1QiLCJhbGciOiJIUzUxMiJ9.eyJzdWIiOiJoeWVvbm1pbjE5NiIsIkF1dGhvcml6YXRpb24iOiJST0xFX1VTRVIiLCJleHAiOjE3MTM5MzMzMjl9.fSScBfo0IU10KpkpdG_uGLr2e9FrbL9e467ERZYIQNz684lfNfCDORk1de1Ax993nRgx6PpbyBHFE_PVuCjMUA","hyeonmin196"
"49","eyJ0eXAiOiJKV1QiLCJhbGciOiJIUzUxMiJ9.eyJzdWIiOiJoeWVvbm1pbjE5NyIsIkF1dGhvcml6YXRpb24iOiJST0xFX1VTRVIiLCJleHAiOjE3MTM5MzMzMjl9.Hg2lrJ3Ig70QfV7V5ekP6dFGqJ5fWtmpzErYgUQYxW30dSVzK5Vbc9hixvMizPPfCXR9AagJuJ-7F6eWeGb8xQ","hyeonmin197"
"49","eyJ0eXAiOiJKV1QiLCJhbGciOiJIUzUxMiJ9.eyJzdWIiOiJoeWVvbm1pbjE5OCIsIkF1dGhvcml6YXRpb24iOiJST0xFX1VTRVIiLCJleHAiOjE3MTM5MzMzMjl9.eNZWTgAOpJ2s73kVYzd9Djn1Mbe2Th8ORZ96yxuWSnldXssgmaQs4XlcW_6RR_vgoGarMHVqxcCOYeuB1E4poA","hyeonmin198"
"50","eyJ0eXAiOiJKV1QiLCJhbGciOiJIUzUxMiJ9.eyJzdWIiOiJoeWVvbm1pbjE5OSIsIkF1dGhvcml6YXRpb24iOiJST0xFX1VTRVIiLCJleHAiOjE3MTM5MzMzMzB9.GjbRzmKtlLBitY0RtAs9LPCwwuW_YICS1ebFImYFUEYmLk0LjOEZedP7r9Y86UH45KHKrRIlag5nRg1CJT2SAQ","hyeonmin199"
"50","eyJ0eXAiOiJKV1QiLCJhbGciOiJIUzUxMiJ9.eyJzdWIiOiJoeWVvbm1pbjIwMCIsIkF1dGhvcml6YXRpb24iOiJST0xFX1VTRVIiLCJleHAiOjE3MTM5MzMzMzB9.Cy52MtSqSyTZoSP4gNZXj9HmfandbDrm1-6HIvyS8-RZ8uUda8isFsXIUlxXR7vXjFYjfCQ35GankKJnCrci8Q","hyeonmin200"
"51","eyJ0eXAiOiJKV1QiLCJhbGciOiJIUzUxMiJ9.eyJzdWIiOiJoeWVvbm1pbjIwMSIsIkF1dGhvcml6YXRpb24iOiJST0xFX1VTRVIiLCJleHAiOjE3MTM5MzMzMzB9.E8r1VbDqmbGzfTfsoRZqC4Nqck23PC7WH9qy2W5sD-Ohjyyr9JR7CyroS9LSGhHeH50DNIHgOYX02d43R2O4WQ","hyeonmin201"
"51","eyJ0eXAiOiJKV1QiLCJhbGciOiJIUzUxMiJ9.eyJzdWIiOiJoeWVvbm1pbjIwMiIsIkF1dGhvcml6YXRpb24iOiJST0xFX1VTRVIiLCJleHAiOjE3MTM5MzMzMzB9.TnXlzBgPdwhrSC1zSgBNCERfXbfiVJIw5MubMJNzX75oWDhg_t5ez1Bq5ikPy4nNEevl86PnE321uDqCKbhFoA","hyeonmin202"
"52","eyJ0eXAiOiJKV1QiLCJhbGciOiJIUzUxMiJ9.eyJzdWIiOiJoeWVvbm1pbjIwMyIsIkF1dGhvcml6YXRpb24iOiJST0xFX1VTRVIiLCJleHAiOjE3MTM5MzMzMzF9.M2ch2-BKJmJi0h47tE-88ocG-iwzTvSDgOb3Yj7obYBAnWMYi55hCcRjnY2hv-yXqDFYyKxNt8iZgsWyybNw3A","hyeonmin203"
"52","eyJ0eXAiOiJKV1QiLCJhbGciOiJIUzUxMiJ9.eyJzdWIiOiJoeWVvbm1pbjIwNCIsIkF1dGhvcml6YXRpb24iOiJST0xFX1VTRVIiLCJleHAiOjE3MTM5MzMzMzF9.mJ67ctTfaLDiXgXD32Yb7VYTJPPlw2QZKrg_Xz7-km1rxckRyr8w4_3kjXXRQXiGhsfB9wDoWuMCVCh9iH2zGA","hyeonmin204"
"53","eyJ0eXAiOiJKV1QiLCJhbGciOiJIUzUxMiJ9.eyJzdWIiOiJoeWVvbm1pbjIwNSIsIkF1dGhvcml6YXRpb24iOiJST0xFX1VTRVIiLCJleHAiOjE3MTM5MzMzMzF9.L73s1POQjSeJzZ9bMQVb7mbXswALraPRxFp4JXvNODXWMseUrIDj_0JOeInclSJ59X12BA4dzvQ9K9GZh1t5gQ","hyeonmin205"
"53","eyJ0eXAiOiJKV1QiLCJhbGciOiJIUzUxMiJ9.eyJzdWIiOiJoeWVvbm1pbjIwNiIsIkF1dGhvcml6YXRpb24iOiJST0xFX1VTRVIiLCJleHAiOjE3MTM5MzMzMzF9.djKAGOEjEAEbTprM9qDFyaEbjWhIQkCEF_BXeC8btqmX7nDmtAzqyVVjNCmTGK4DP9F19bzIIqYu9bPTpIJzeQ","hyeonmin206"
"54","eyJ0eXAiOiJKV1QiLCJhbGciOiJIUzUxMiJ9.eyJzdWIiOiJoeWVvbm1pbjIwNyIsIkF1dGhvcml6YXRpb24iOiJST0xFX1VTRVIiLCJleHAiOjE3MTM5MzMzMzF9.auIVllipxLMiTeUbdhtZkFbXo1LTgIL87iiaHEY7g0xU6BNMg6X6zeZLNLTSnOPsOhr0Pyc5eZ2fGvYMWXPZIA","hyeonmin207"
"54","eyJ0eXAiOiJKV1QiLCJhbGciOiJIUzUxMiJ9.eyJzdWIiOiJoeWVvbm1pbjIwOCIsIkF1dGhvcml6YXRpb24iOiJST0xFX1VTRVIiLCJleHAiOjE3MTM5MzMzMzF9.to_reQCjM1m0l8tgN1_KZM--HPE37VGaq-iwtmvyZkkuR8wU01rxBgSvVk40H75KkJEXjLZbabkZT-SwJ8VuXg","hyeonmin208"
"55","eyJ0eXAiOiJKV1QiLCJhbGciOiJIUzUxMiJ9.eyJzdWIiOiJoeWVvbm1pbjIwOSIsIkF1dGhvcml6YXRpb24iOiJST0xFX1VTRVIiLCJleHAiOjE3MTM5MzMzMzJ9.oOu50rq9Sb7H2ENv4EgvVq7OSMJz3LUFd2RVMQqcoY5Tys_EIeUFEHY_4IlybF70Y3GFPWOqnWgxzpx_9AoxYg","hyeonmin209"
"55","eyJ0eXAiOiJKV1QiLCJhbGciOiJIUzUxMiJ9.eyJzdWIiOiJoeWVvbm1pbjIxMCIsIkF1dGhvcml6YXRpb24iOiJST0xFX1VTRVIiLCJleHAiOjE3MTM5MzMzMzJ9.0ff_wWa_0Tm8dMxxQdH8TSHe2brfQ1HeRFYvgXpkRG-1qdwLqVrFPMpMCpBClJfe-zFVujeOvrY7F-kKZ3E3hw","hyeonmin210"
"56","eyJ0eXAiOiJKV1QiLCJhbGciOiJIUzUxMiJ9.eyJzdWIiOiJoeWVvbm1pbjIxMSIsIkF1dGhvcml6YXRpb24iOiJST0xFX1VTRVIiLCJleHAiOjE3MTM5MzMzMzJ9.rj-lZjOwyyQkPMdoRQDizwVcfbzYlYURjbBI2ZRpXHyW3aVkp0Gjh292RMdnt3SIYEeurjjIhd5yMOJsWkMS_g","hyeonmin211"
"56","eyJ0eXAiOiJKV1QiLCJhbGciOiJIUzUxMiJ9.eyJzdWIiOiJoeWVvbm1pbjIxMiIsIkF1dGhvcml6YXRpb24iOiJST0xFX1VTRVIiLCJleHAiOjE3MTM5MzMzMzJ9.hI-LsIYDi9HrofNbt-J9LFqqjULEXcMnkiXoQHsfpqU-y5ls-jaZM2n_r7h81WMwUh_dKuARC_1ugeep-PK-UQ","hyeonmin212"
"57","eyJ0eXAiOiJKV1QiLCJhbGciOiJIUzUxMiJ9.eyJzdWIiOiJoeWVvbm1pbjIxMyIsIkF1dGhvcml6YXRpb24iOiJST0xFX1VTRVIiLCJleHAiOjE3MTM5MzMzMzN9.pAEhC6PCLjqFqD2KDOVO3LFLMEw9ntWh8vLrzscnDEqEznzb-Fja0i-QRL3ZOIslSamRvlj-zNqjzkPsTtjlVA","hyeonmin213"
"57","eyJ0eXAiOiJKV1QiLCJhbGciOiJIUzUxMiJ9.eyJzdWIiOiJoeWVvbm1pbjIxNCIsIkF1dGhvcml6YXRpb24iOiJST0xFX1VTRVIiLCJleHAiOjE3MTM5MzMzMzJ9.si_EDHjx_RLsIxCx5X2-35Q7XOPPtPCN3l0g82AT93LRRxSqLvjXKvL5Q-pZmF2qfOIDZTtkOAtmNBBe58U2VQ","hyeonmin214"
"58","eyJ0eXAiOiJKV1QiLCJhbGciOiJIUzUxMiJ9.eyJzdWIiOiJoeWVvbm1pbjIxNSIsIkF1dGhvcml6YXRpb24iOiJST0xFX1VTRVIiLCJleHAiOjE3MTM5MzMzMzN9.5j2hadLZPySm1897qnVUdDVQcK-h5SxSFdLHCNOWeUR3878Tjybq67R8BgKGML8sEqkfGJlpT4ryO0ez6JOm4A","hyeonmin215"
"58","eyJ0eXAiOiJKV1QiLCJhbGciOiJIUzUxMiJ9.eyJzdWIiOiJoeWVvbm1pbjIxNiIsIkF1dGhvcml6YXRpb24iOiJST0xFX1VTRVIiLCJleHAiOjE3MTM5MzMzMzN9.iJW_CJG0UEZZmNZfiChsWDzZWQozhIefB7vxA5o1gFhKDb3Nx_WoYPwW37BXnVQtVv77gtMmASU6pzhWKfxi_g","hyeonmin216"
"59","eyJ0eXAiOiJKV1QiLCJhbGciOiJIUzUxMiJ9.eyJzdWIiOiJoeWVvbm1pbjIxNyIsIkF1dGhvcml6YXRpb24iOiJST0xFX1VTRVIiLCJleHAiOjE3MTM5MzMzMzN9.4pxv1jtXhIv_LmP37GZ6DgYca368qZcNQlrcHDBJdYASxaS1CY_O6q4uTAJY3VKMTaetB1cY_8mL5G5VbBkLHw","hyeonmin217"
"59","eyJ0eXAiOiJKV1QiLCJhbGciOiJIUzUxMiJ9.eyJzdWIiOiJoeWVvbm1pbjIxOCIsIkF1dGhvcml6YXRpb24iOiJST0xFX1VTRVIiLCJleHAiOjE3MTM5MzMzMzN9.yxV3qbW9mOuzfheM-LTSdTXxR64LSJR0Lj28Lk01yyhgu6H-974jLrgvlCtKfNIDn4c0Ql83VHPCLmTj4CgHjg","hyeonmin218"
"60","eyJ0eXAiOiJKV1QiLCJhbGciOiJIUzUxMiJ9.eyJzdWIiOiJoeWVvbm1pbjIxOSIsIkF1dGhvcml6YXRpb24iOiJST0xFX1VTRVIiLCJleHAiOjE3MTM5MzMzMzR9.fNKsygSceMmITLarmj2D2kZQXK-oJJr1rNLqQFplWE36g9S6o3YGVxmC5HwE_Nm5rDbBoMGxQqKFVzcTnXtkBA","hyeonmin219"
"60","eyJ0eXAiOiJKV1QiLCJhbGciOiJIUzUxMiJ9.eyJzdWIiOiJoeWVvbm1pbjIyMCIsIkF1dGhvcml6YXRpb24iOiJST0xFX1VTRVIiLCJleHAiOjE3MTM5MzMzMzR9._Ir__jHkF3-OiIxzdbAM2xSSrU_G7Ni46FyBt21o_cm_8CLfdEAFwJuv0bYOxg96mJqZQkGCTHywVCXpPUCSgA","hyeonmin220"
"61","eyJ0eXAiOiJKV1QiLCJhbGciOiJIUzUxMiJ9.eyJzdWIiOiJoeWVvbm1pbjIyMSIsIkF1dGhvcml6YXRpb24iOiJST0xFX1VTRVIiLCJleHAiOjE3MTM5MzMzMzR9.U3ODktm6pa1rTKeIfOtJK6fx-d1gVm1CnCZfmnmb7ajOnBa5vaaaEn9eBk7NpD_btL316kCLoBWBlzr8lwfToA","hyeonmin221"
"61","eyJ0eXAiOiJKV1QiLCJhbGciOiJIUzUxMiJ9.eyJzdWIiOiJoeWVvbm1pbjIyMiIsIkF1dGhvcml6YXRpb24iOiJST0xFX1VTRVIiLCJleHAiOjE3MTM5MzMzMzR9.LaHIf8eiERqay5cz5gLucy7SBXSYBBov9yE3PK5XTxVm2rT5whUMRkYqSf-bz9Y-i2YJCNLzTL6TXn5XsJ-WrA","hyeonmin222"
"62","eyJ0eXAiOiJKV1QiLCJhbGciOiJIUzUxMiJ9.eyJzdWIiOiJoeWVvbm1pbjIyMyIsIkF1dGhvcml6YXRpb24iOiJST0xFX1VTRVIiLCJleHAiOjE3MTM5MzMzMzV9.YQKgTRHZyX0usT7vpXn2-1MV2Cnpozx5QuuwbL9ziUsDxMbwUdY2LeG7Ffux7ZVS1GUtn0WIfugQDIT7R05GDg","hyeonmin223"
"62","eyJ0eXAiOiJKV1QiLCJhbGciOiJIUzUxMiJ9.eyJzdWIiOiJoeWVvbm1pbjIyNCIsIkF1dGhvcml6YXRpb24iOiJST0xFX1VTRVIiLCJleHAiOjE3MTM5MzMzMzR9.jrqNTO5HQO0uhoInKzyefnhW_dazTPxuP8gR7HzZLFVXjKtJD7FtUl5Znissuf9JrJoG-RLsJaosJMgIwrg3Aw","hyeonmin224"
"63","eyJ0eXAiOiJKV1QiLCJhbGciOiJIUzUxMiJ9.eyJzdWIiOiJoeWVvbm1pbjIyNSIsIkF1dGhvcml6YXRpb24iOiJST0xFX1VTRVIiLCJleHAiOjE3MTM5MzMzMzV9.aozeEdGtPT-LwLlLkl9AH67QglFn6EqO65ZhN90hr_ejC8dnrIcvoEZLjDD5ciLALwKh73WNv0maS0AcXBalhg","hyeonmin225"
"63","eyJ0eXAiOiJKV1QiLCJhbGciOiJIUzUxMiJ9.eyJzdWIiOiJoeWVvbm1pbjIyNiIsIkF1dGhvcml6YXRpb24iOiJST0xFX1VTRVIiLCJleHAiOjE3MTM5MzMzMzV9.6kiQ6z8wrOZ8we4pfhkqHxDhfQ3RMLACls_vOXK3vI9hpGOcgXl5iZdcvGXnV6u8S-T5izQnu6qDQJ-ZYZU8bg","hyeonmin226"
"64","eyJ0eXAiOiJKV1QiLCJhbGciOiJIUzUxMiJ9.eyJzdWIiOiJoeWVvbm1pbjIyNyIsIkF1dGhvcml6YXRpb24iOiJST0xFX1VTRVIiLCJleHAiOjE3MTM5MzMzMzV9.kkz9YiAfm3Pat08qTH5bgkB4xLqmAf0g3KziEcgROC8qEJxeVXTPWjn5rK5ZkQzfMveoKQm5rNh9LanLAQBZPw","hyeonmin227"
"64","eyJ0eXAiOiJKV1QiLCJhbGciOiJIUzUxMiJ9.eyJzdWIiOiJoeWVvbm1pbjIyOCIsIkF1dGhvcml6YXRpb24iOiJST0xFX1VTRVIiLCJleHAiOjE3MTM5MzMzMzV9.m5G3y7ogx5hgdmyOxr6i69yYgrEMGYv_3kxFmP73wkXpaBxvl85iWDiGqVKDUEvyBn4Jha9KOwQGDEqmfdguRw","hyeonmin228"
"65","eyJ0eXAiOiJKV1QiLCJhbGciOiJIUzUxMiJ9.eyJzdWIiOiJoeWVvbm1pbjIyOSIsIkF1dGhvcml6YXRpb24iOiJST0xFX1VTRVIiLCJleHAiOjE3MTM5MzMzMzZ9.G_rDJAo9yDWJ3nTQVsSkJIznb193gr9VsFd00-n9MQ4_gdk3fgLQ0z7ausunF9ZUfPpzofgLb3SURxsLPhzmyg","hyeonmin229"
"65","eyJ0eXAiOiJKV1QiLCJhbGciOiJIUzUxMiJ9.eyJzdWIiOiJoeWVvbm1pbjIzMCIsIkF1dGhvcml6YXRpb24iOiJST0xFX1VTRVIiLCJleHAiOjE3MTM5MzMzMzZ9.yoUo2gvWnYXBGI6hWZvzQ6Ra6PRYeCEkvD_3MIt0Vw52cJh1IQC1deWO2pa56RqLN_4tZiP3Bnk-aBq6y8VnIw","hyeonmin230"
"66","eyJ0eXAiOiJKV1QiLCJhbGciOiJIUzUxMiJ9.eyJzdWIiOiJoeWVvbm1pbjIzMSIsIkF1dGhvcml6YXRpb24iOiJST0xFX1VTRVIiLCJleHAiOjE3MTM5MzMzMzZ9.BwgZXrGg5UxdeIRN7thU-zc_4nfENHz1Ow12MJb130eHrK-YOH1rxOUHzqYgklmIsJNqwgoZaoJTf-dT3rPT1w","hyeonmin231"
"66","eyJ0eXAiOiJKV1QiLCJhbGciOiJIUzUxMiJ9.eyJzdWIiOiJoeWVvbm1pbjIzMiIsIkF1dGhvcml6YXRpb24iOiJST0xFX1VTRVIiLCJleHAiOjE3MTM5MzMzMzZ9.lsKDG9yOT-iggtA_dwzVVYl9ia_U0OTf80TsskkFypwWVjrCUt3GRhJqpCVty-nECgoY55hhOHvTQspGCjt3xA","hyeonmin232"
"67","eyJ0eXAiOiJKV1QiLCJhbGciOiJIUzUxMiJ9.eyJzdWIiOiJoeWVvbm1pbjIzMyIsIkF1dGhvcml6YXRpb24iOiJST0xFX1VTRVIiLCJleHAiOjE3MTM5MzMzMzd9.2Mx8hXV_GRJvA6Q7yxGOUEo9IuWQfMJj6MAgKrITDhj7HWzBnYCJx8HnaqICfcAJuzDImkEwCPf1jaxk5wrBAA","hyeonmin233"
"67","eyJ0eXAiOiJKV1QiLCJhbGciOiJIUzUxMiJ9.eyJzdWIiOiJoeWVvbm1pbjIzNCIsIkF1dGhvcml6YXRpb24iOiJST0xFX1VTRVIiLCJleHAiOjE3MTM5MzMzMzZ9.LJh56To9o0HK66votRM64mOM8waEV8aDlPxojTG1tn4xy7ijpW7wB5COlHrw9gikj9Mojc2u-xLmQkpea7ki0Q","hyeonmin234"
"68","eyJ0eXAiOiJKV1QiLCJhbGciOiJIUzUxMiJ9.eyJzdWIiOiJoeWVvbm1pbjIzNSIsIkF1dGhvcml6YXRpb24iOiJST0xFX1VTRVIiLCJleHAiOjE3MTM5MzMzMzd9.a_ok8KKYjuOP5QK96vsSw9BDV7-yx_3Vf9RoGQtvcq3lFd_J4jUyuzEZ0QWdCFNJPloaHPPVCMv7eU6hdfjVLw","hyeonmin235"
"68","eyJ0eXAiOiJKV1QiLCJhbGciOiJIUzUxMiJ9.eyJzdWIiOiJoeWVvbm1pbjIzNiIsIkF1dGhvcml6YXRpb24iOiJST0xFX1VTRVIiLCJleHAiOjE3MTM5MzMzMzd9.2CzpHbZBkEaoxAk8Wrp8ZoTykhsb86R1a8zaZlJcd-BvzZNBTCcQOIEqMFokNPttPeb-5LK24BL5D3kuhoUfDw","hyeonmin236"
"69","eyJ0eXAiOiJKV1QiLCJhbGciOiJIUzUxMiJ9.eyJzdWIiOiJoeWVvbm1pbjIzNyIsIkF1dGhvcml6YXRpb24iOiJST0xFX1VTRVIiLCJleHAiOjE3MTM5MzMzMzd9.BD3Je0IscFD9hClV36z1PCONKNnBdYE7kz8RKUeYAahUDCkII4tmOhj8O6PZE6q5-TtXZsfPDyl_OxQZq4lhSg","hyeonmin237"
"69","eyJ0eXAiOiJKV1QiLCJhbGciOiJIUzUxMiJ9.eyJzdWIiOiJoeWVvbm1pbjIzOCIsIkF1dGhvcml6YXRpb24iOiJST0xFX1VTRVIiLCJleHAiOjE3MTM5MzMzMzd9.at0TBrNtWRkHf-Ru29sJIsoe0eN1IinvH0t2ehO5q8V872l9yQZ9vb6UFXZKUrcQKMghOfjjjkYVYKvdzyjdWw","hyeonmin238"
"70","eyJ0eXAiOiJKV1QiLCJhbGciOiJIUzUxMiJ9.eyJzdWIiOiJoeWVvbm1pbjIzOSIsIkF1dGhvcml6YXRpb24iOiJST0xFX1VTRVIiLCJleHAiOjE3MTM5MzMzMzh9.7-ZhfytohHXQP9p_YZbUOuvNqsYcqFaYAssIiZP_z2yB1awk04H2ILs0hmfGWNejgwX_z9GsIcnmG6Qbgdm0dA","hyeonmin239"
"70","eyJ0eXAiOiJKV1QiLCJhbGciOiJIUzUxMiJ9.eyJzdWIiOiJoeWVvbm1pbjI0MCIsIkF1dGhvcml6YXRpb24iOiJST0xFX1VTRVIiLCJleHAiOjE3MTM5MzMzMzh9.bGtadshMitf023f0IYqjE7iteTp0BH3dAMGovuK-QOvM1u4kEM89e7SjMKnJwxHt6YemVC1XcYCnirT3Im9qSw","hyeonmin240"
"71","eyJ0eXAiOiJKV1QiLCJhbGciOiJIUzUxMiJ9.eyJzdWIiOiJoeWVvbm1pbjI0MSIsIkF1dGhvcml6YXRpb24iOiJST0xFX1VTRVIiLCJleHAiOjE3MTM5MzMzMzh9.M7lV7UcRhUuHCHPZfR8V96NUa1C9ag5jEmIq919Gc7JZ6FRijaeHe_VK_ZLGNd5nwdisU27SMUu88VdIS6rXjw","hyeonmin241"
"71","eyJ0eXAiOiJKV1QiLCJhbGciOiJIUzUxMiJ9.eyJzdWIiOiJoeWVvbm1pbjI0MiIsIkF1dGhvcml6YXRpb24iOiJST0xFX1VTRVIiLCJleHAiOjE3MTM5MzMzMzh9.QcSyF6dHFNSSoljIiPdn7NB7_cgaFvgnOsakH83310iWBlJ84bd_Mcypmv0lWoNCKdv5qA-BIyt0KHsNthBe5Q","hyeonmin242"
"72","eyJ0eXAiOiJKV1QiLCJhbGciOiJIUzUxMiJ9.eyJzdWIiOiJoeWVvbm1pbjI0MyIsIkF1dGhvcml6YXRpb24iOiJST0xFX1VTRVIiLCJleHAiOjE3MTM5MzMzMzh9.nYHQkmczTzF6t4b5CaNCXN079APkEXLFXpoXVWD0Z_C19-t204Y66Ok93wEymjlcjTwXrXZmeFdBLxblKju9tg","hyeonmin243"
"72","eyJ0eXAiOiJKV1QiLCJhbGciOiJIUzUxMiJ9.eyJzdWIiOiJoeWVvbm1pbjI0NCIsIkF1dGhvcml6YXRpb24iOiJST0xFX1VTRVIiLCJleHAiOjE3MTM5MzMzMzh9.QovZMfhbRk1rfwinf8teJZg9HjvAHOJqRMrBpScj3CRHYnn-bUKm2ba9vA6rHDRaK259nco1RFrX3YtKC2frPQ","hyeonmin244"
"73","eyJ0eXAiOiJKV1QiLCJhbGciOiJIUzUxMiJ9.eyJzdWIiOiJoeWVvbm1pbjI0NSIsIkF1dGhvcml6YXRpb24iOiJST0xFX1VTRVIiLCJleHAiOjE3MTM5MzMzMzl9.XC7KdF8DrSdiC4cTKG9eQmLpUnxU_BZp3wQy3DcunfQu34SFOsrC6FDvgvJzUq0hfaESrjvtEH6Rvr3N6QQnjA","hyeonmin245"
"73","eyJ0eXAiOiJKV1QiLCJhbGciOiJIUzUxMiJ9.eyJzdWIiOiJoeWVvbm1pbjI0NiIsIkF1dGhvcml6YXRpb24iOiJST0xFX1VTRVIiLCJleHAiOjE3MTM5MzMzMzl9.1WX1e0cvJWDlKDyiPpvSQqlc2ItgCoBYiaJJ59I_tGJMUWYuTVwNq1Vw1YEmf6tTpzvRjF97P_2ckzJf-wRJQg","hyeonmin246"
"74","eyJ0eXAiOiJKV1QiLCJhbGciOiJIUzUxMiJ9.eyJzdWIiOiJoeWVvbm1pbjI0NyIsIkF1dGhvcml6YXRpb24iOiJST0xFX1VTRVIiLCJleHAiOjE3MTM5MzMzMzl9.x5mfdJO9wP6xzp_k_KY1Opon08vN2wBtZlAw4ZnavxZjzstrFs5ZwE8f-9itkTu0HbMJ8EZN5EkuqGc1Jq-1nQ","hyeonmin247"
"74","eyJ0eXAiOiJKV1QiLCJhbGciOiJIUzUxMiJ9.eyJzdWIiOiJoeWVvbm1pbjI0OCIsIkF1dGhvcml6YXRpb24iOiJST0xFX1VTRVIiLCJleHAiOjE3MTM5MzMzMzl9.21yKQJPd4kGVbTIFY6uvvSKyv5BBonieAYJ2LD8iIxJOn6n62V5lv7bagweW_i7XIVXM9WLO5z9RO8DWnfzDdw","hyeonmin248"
"75","eyJ0eXAiOiJKV1QiLCJhbGciOiJIUzUxMiJ9.eyJzdWIiOiJoeWVvbm1pbjI0OSIsIkF1dGhvcml6YXRpb24iOiJST0xFX1VTRVIiLCJleHAiOjE3MTM5MzMzNDB9.X2Ocakz_6GZW1C6Sb5ZHZ8oLsrhCqVKJNztMXxz4AwRF5rugLnpdQkvgMK8O6mgcrVkGQrTBwypGP5LIeL5U8A","hyeonmin249"
"75","eyJ0eXAiOiJKV1QiLCJhbGciOiJIUzUxMiJ9.eyJzdWIiOiJoeWVvbm1pbjI1MCIsIkF1dGhvcml6YXRpb24iOiJST0xFX1VTRVIiLCJleHAiOjE3MTM5MzMzNDB9.dVkeNfYR52y1NdSJOsMexpXkcSa84zULFScDjSStuehm8XFSg2Z9FzvmiUp7p8b00xZgDw8D-QB1erZm_h4C2w","hyeonmin250"
"76","eyJ0eXAiOiJKV1QiLCJhbGciOiJIUzUxMiJ9.eyJzdWIiOiJoeWVvbm1pbjI1MSIsIkF1dGhvcml6YXRpb24iOiJST0xFX1VTRVIiLCJleHAiOjE3MTM5MzMzNDB9.BRBSUOsKohHcBTGpQh4t7dUO_D4ehj9JxjTzVTXXkyGJB3i4jtJgZCaqNlxkyQhNuFLu_JLk_kDehaPci1lfQQ","hyeonmin251"
"76","eyJ0eXAiOiJKV1QiLCJhbGciOiJIUzUxMiJ9.eyJzdWIiOiJoeWVvbm1pbjI1MiIsIkF1dGhvcml6YXRpb24iOiJST0xFX1VTRVIiLCJleHAiOjE3MTM5MzMzNDB9.rXzcSkgjcvJrc5pOdcES2J-GATay3IF6AZVrhP8ZbjU0ghe-6pbcyWD8huHfJ7h46xAFlXX4-D6MiPmW4fr0aw","hyeonmin252"
"77","eyJ0eXAiOiJKV1QiLCJhbGciOiJIUzUxMiJ9.eyJzdWIiOiJoeWVvbm1pbjI1MyIsIkF1dGhvcml6YXRpb24iOiJST0xFX1VTRVIiLCJleHAiOjE3MTM5MzMzNDB9.KVu1kNzoc8Wte0S8sN1wad7QXjbGBzoDPuAFihuKdU_ovAyu5to3vw6TOe0OPbxzOqPJuFoaNAw9o9th9ofR3Q","hyeonmin253"
"77","eyJ0eXAiOiJKV1QiLCJhbGciOiJIUzUxMiJ9.eyJzdWIiOiJoeWVvbm1pbjI1NCIsIkF1dGhvcml6YXRpb24iOiJST0xFX1VTRVIiLCJleHAiOjE3MTM5MzMzNDB9.MUDHi9IFPbIExHKl7SDIZuCM1VFrWFUaDaadebWi2MtiHoWZeWAruFt7jjVhfA_loE56xMLcqaOfb3vyoF1uGQ","hyeonmin254"
"78","eyJ0eXAiOiJKV1QiLCJhbGciOiJIUzUxMiJ9.eyJzdWIiOiJoeWVvbm1pbjI1NSIsIkF1dGhvcml6YXRpb24iOiJST0xFX1VTRVIiLCJleHAiOjE3MTM5MzMzNDF9.UFBUbRHUwfMrRaFvUyNAYh_sxky3oSEzlC4sd3kBGCbXG34P1Zr5h4UVS7mszvz5lYVFYZNbizT-1bdZDqzitQ","hyeonmin255"
"78","eyJ0eXAiOiJKV1QiLCJhbGciOiJIUzUxMiJ9.eyJzdWIiOiJoeWVvbm1pbjI1NiIsIkF1dGhvcml6YXRpb24iOiJST0xFX1VTRVIiLCJleHAiOjE3MTM5MzMzNDF9.Av1gt2TH9Acc2EzUKeObs4TqsMA7wDiT9DKDBDR2QHQoVT0qQHZER5QcJHtoAZVL-6uE5a3RFZLxHEUxc1DWyQ","hyeonmin256"
"79","eyJ0eXAiOiJKV1QiLCJhbGciOiJIUzUxMiJ9.eyJzdWIiOiJoeWVvbm1pbjI1NyIsIkF1dGhvcml6YXRpb24iOiJST0xFX1VTRVIiLCJleHAiOjE3MTM5MzMzNDF9.Hdyi0l2PFRm91zhFNwLdn3wQiH8-lzRU4I6VehA3K5RIRN9cXmbnl9krUZsm3AxOheHIVrbvGnH3_llxozyHFw","hyeonmin257"
"79","eyJ0eXAiOiJKV1QiLCJhbGciOiJIUzUxMiJ9.eyJzdWIiOiJoeWVvbm1pbjI1OCIsIkF1dGhvcml6YXRpb24iOiJST0xFX1VTRVIiLCJleHAiOjE3MTM5MzMzNDF9.0dhXRByqrSPOoUqhv6U25QlAKWwnA5JCdLgU69hGGowpzLfpi3Ww_CSGR491XKmmLNe2otUZ0zEaodGhJQlk7Q","hyeonmin258"
"80","eyJ0eXAiOiJKV1QiLCJhbGciOiJIUzUxMiJ9.eyJzdWIiOiJoeWVvbm1pbjI1OSIsIkF1dGhvcml6YXRpb24iOiJST0xFX1VTRVIiLCJleHAiOjE3MTM5MzMzNDJ9.OQ_uN_6Q3V-77znIIkxPrhah_Xk7Ugcq6rnoCrrIjaSnRyoKBW3NINtdm0FBs_2YBUC2ZzS-BwwCh2UqSwDE0Q","hyeonmin259"
"80","eyJ0eXAiOiJKV1QiLCJhbGciOiJIUzUxMiJ9.eyJzdWIiOiJoeWVvbm1pbjI2MCIsIkF1dGhvcml6YXRpb24iOiJST0xFX1VTRVIiLCJleHAiOjE3MTM5MzMzNDJ9.ds14kW_hHsW-XZ8T_h5h062W2eSON1fPRTBZuSe1Fzl371qAQdbh8b66TGv4Vv_InjTp4gLeJEBbSMlhNgVGCA","hyeonmin260"
"81","eyJ0eXAiOiJKV1QiLCJhbGciOiJIUzUxMiJ9.eyJzdWIiOiJoeWVvbm1pbjI2MSIsIkF1dGhvcml6YXRpb24iOiJST0xFX1VTRVIiLCJleHAiOjE3MTM5MzMzNDJ9.40LFG_L-BpApKu8cMLysGnY2kqCXW3zt-r4_VpXdXkxMehZ15T9Quco-OLY74vCKc3V56lfPtVcmAnIFgmJ4oQ","hyeonmin261"
"81","eyJ0eXAiOiJKV1QiLCJhbGciOiJIUzUxMiJ9.eyJzdWIiOiJoeWVvbm1pbjI2MiIsIkF1dGhvcml6YXRpb24iOiJST0xFX1VTRVIiLCJleHAiOjE3MTM5MzMzNDJ9.RX8WN_bAIf6tCvoWAHtgGSNCqTSLvMZnoSGxKW9bViRdvxX75jNNu579iFRBIlI2dFVWsTxgO0UJQkCcC0cdlA","hyeonmin262"
"82","eyJ0eXAiOiJKV1QiLCJhbGciOiJIUzUxMiJ9.eyJzdWIiOiJoeWVvbm1pbjI2MyIsIkF1dGhvcml6YXRpb24iOiJST0xFX1VTRVIiLCJleHAiOjE3MTM5MzMzNDJ9.EufZuMZg8s-CMOn0ZdQObTZPc4QyxPvKw3zivZotYULAYN_tDF8gWRo0brejghD7LqB3qaQTsyWw50ofnIrVTw","hyeonmin263"
"82","eyJ0eXAiOiJKV1QiLCJhbGciOiJIUzUxMiJ9.eyJzdWIiOiJoeWVvbm1pbjI2NCIsIkF1dGhvcml6YXRpb24iOiJST0xFX1VTRVIiLCJleHAiOjE3MTM5MzMzNDJ9.V2ZMlFgF6p2TDkzO3P45H6vzcYE-EBHLBqoZZM7jGwoqmcy9Zcv9Rfc3AhqEDaKL6IfUrUEIfDRQSH1SnOlTjw","hyeonmin264"
"83","eyJ0eXAiOiJKV1QiLCJhbGciOiJIUzUxMiJ9.eyJzdWIiOiJoeWVvbm1pbjI2NSIsIkF1dGhvcml6YXRpb24iOiJST0xFX1VTRVIiLCJleHAiOjE3MTM5MzMzNDN9.o_FW6pR1XhY_-q1uj4ilzG9GuXooiEbU5FVDZLbykUcXnqWkG-oYQvFLYwhTNbwZBeV8LXHEdNuX9pkhlDbpcQ","hyeonmin265"
"83","eyJ0eXAiOiJKV1QiLCJhbGciOiJIUzUxMiJ9.eyJzdWIiOiJoeWVvbm1pbjI2NiIsIkF1dGhvcml6YXRpb24iOiJST0xFX1VTRVIiLCJleHAiOjE3MTM5MzMzNDN9.6XHGCeIytbImWQwYC_9_bCUFo5fops65LUk-siO-7JWmBbjaqR1IcZ7dJQdXHVKDSFp7rlPV2RyG3A0uYtUYpw","hyeonmin266"
"84","eyJ0eXAiOiJKV1QiLCJhbGciOiJIUzUxMiJ9.eyJzdWIiOiJoeWVvbm1pbjI2NyIsIkF1dGhvcml6YXRpb24iOiJST0xFX1VTRVIiLCJleHAiOjE3MTM5MzMzNDN9.EDgVXw1v_2k8Sh-93CAzfJGy71ZCOONsu-tAOj2k0Xmu0ZHiuOtSuENJuFPFeXx1bJ30ZMzOG6IGn8ChKtfhsw","hyeonmin267"
"84","eyJ0eXAiOiJKV1QiLCJhbGciOiJIUzUxMiJ9.eyJzdWIiOiJoeWVvbm1pbjI2OCIsIkF1dGhvcml6YXRpb24iOiJST0xFX1VTRVIiLCJleHAiOjE3MTM5MzMzNDN9.A9S-d2vZ-039cGY3wKTY6vsZ9pMrDCIKmWjUvfoJIHXMKtG_60vm0MagHWKZcACx7gSsFtqao3_zNGXNaX2AIg","hyeonmin268"
"85","eyJ0eXAiOiJKV1QiLCJhbGciOiJIUzUxMiJ9.eyJzdWIiOiJoeWVvbm1pbjI2OSIsIkF1dGhvcml6YXRpb24iOiJST0xFX1VTRVIiLCJleHAiOjE3MTM5MzMzNDR9.ciOlHewONX9Ns1WbAOHI-Zjmo1kbGN6C_KMPqB_7zefhAX-eF5m5Q4uVFGK8zg8o-2IaYn2CDew6pO2og1Hucw","hyeonmin269"
"85","eyJ0eXAiOiJKV1QiLCJhbGciOiJIUzUxMiJ9.eyJzdWIiOiJoeWVvbm1pbjI3MCIsIkF1dGhvcml6YXRpb24iOiJST0xFX1VTRVIiLCJleHAiOjE3MTM5MzMzNDN9.CmpurXzvawf0tHpWDdkfAkZYnxK8Sv462XWd5Skc4848sV8lLz8JA1iQaoJ_5f1S2q4GH1pHwS8Tf61MhQtnYA","hyeonmin270"
"86","eyJ0eXAiOiJKV1QiLCJhbGciOiJIUzUxMiJ9.eyJzdWIiOiJoeWVvbm1pbjI3MSIsIkF1dGhvcml6YXRpb24iOiJST0xFX1VTRVIiLCJleHAiOjE3MTM5MzMzNDR9.D76ai4nT1jpta8yC4VrH9P25EnbYy3GGT6fX4yJVE-1iLk5RvMr8m5FJG1k4HKObPHpitBBmgQrO-dqbl6NbqA","hyeonmin271"
"86","eyJ0eXAiOiJKV1QiLCJhbGciOiJIUzUxMiJ9.eyJzdWIiOiJoeWVvbm1pbjI3MiIsIkF1dGhvcml6YXRpb24iOiJST0xFX1VTRVIiLCJleHAiOjE3MTM5MzMzNDR9.7AR090BRq-q_UX0amjw1fgZoMaqxzQ4NNPkiscV5Ujwi8D2ifbOAcYYSK52ZeoJcoLp1MlUjRRyPmXXEQ3gEAg","hyeonmin272"
"87","eyJ0eXAiOiJKV1QiLCJhbGciOiJIUzUxMiJ9.eyJzdWIiOiJoeWVvbm1pbjI3MyIsIkF1dGhvcml6YXRpb24iOiJST0xFX1VTRVIiLCJleHAiOjE3MTM5MzMzNDR9.MxL5sj5mvdaTplSPxyFxbg2Yo0E_qujyR0WIVIgh9JWc2Dy_S2wPGeeajcAtS5pKMr9YdYn4Qd_dfh1ZfLLRPA","hyeonmin273"
"87","eyJ0eXAiOiJKV1QiLCJhbGciOiJIUzUxMiJ9.eyJzdWIiOiJoeWVvbm1pbjI3NCIsIkF1dGhvcml6YXRpb24iOiJST0xFX1VTRVIiLCJleHAiOjE3MTM5MzMzNDR9.pIW4bzZxt0EnBrgU8Kc1NQazn2bXl2TTnDeouwG-Bgvu3DXgYUCj4fDfB8g73yXGJCZn0C0JUyxnWHSCvwUvtg","hyeonmin274"
"88","eyJ0eXAiOiJKV1QiLCJhbGciOiJIUzUxMiJ9.eyJzdWIiOiJoeWVvbm1pbjI3NSIsIkF1dGhvcml6YXRpb24iOiJST0xFX1VTRVIiLCJleHAiOjE3MTM5MzMzNDV9.JIe0dDTjenhc0KwYFYWNAb_T0jBscXP9OVSkVxuujjRYqKLGsiKb6WIPwLD89K2c3PxPFzLOCLOcuvHe8fY-fg","hyeonmin275"
"88","eyJ0eXAiOiJKV1QiLCJhbGciOiJIUzUxMiJ9.eyJzdWIiOiJoeWVvbm1pbjI3NiIsIkF1dGhvcml6YXRpb24iOiJST0xFX1VTRVIiLCJleHAiOjE3MTM5MzMzNDV9.t7bAerV0rShWj9TnYQ7GrMHKK3vZ32rMosaQiobrZqyjC05JaKW_PGPtFOw9MtO6-4xNlbPdrt5eCiVopeN4cw","hyeonmin276"
"89","eyJ0eXAiOiJKV1QiLCJhbGciOiJIUzUxMiJ9.eyJzdWIiOiJoeWVvbm1pbjI3NyIsIkF1dGhvcml6YXRpb24iOiJST0xFX1VTRVIiLCJleHAiOjE3MTM5MzMzNDV9.fE1m7nJUvUFJmwUF5O2k5FtStrcKb0B0_ggyfIkWIrVGo3-eg4oC7THx_V1jMoe6heoHAs2rNqpkU2qNXd8Mqw","hyeonmin277"
"89","eyJ0eXAiOiJKV1QiLCJhbGciOiJIUzUxMiJ9.eyJzdWIiOiJoeWVvbm1pbjI3OCIsIkF1dGhvcml6YXRpb24iOiJST0xFX1VTRVIiLCJleHAiOjE3MTM5MzMzNDV9.galD7b4r1aUHBUqfOXxJzbCfg5VxLR4qa9FPsNpBvXTvGQ678LJ11N6Jbx6OnyxoLHhEj9_JIcOsrdFjP-eX5A","hyeonmin278"
"90","eyJ0eXAiOiJKV1QiLCJhbGciOiJIUzUxMiJ9.eyJzdWIiOiJoeWVvbm1pbjI3OSIsIkF1dGhvcml6YXRpb24iOiJST0xFX1VTRVIiLCJleHAiOjE3MTM5MzMzNDZ9.VKWyIs26cmECTka3iES5hwXCgf3EZAL7qTPMPylOX6RZNm7W18ZeVAfHzzBheO2ayDWuWgwZy1wGzV1FdqyD2g","hyeonmin279"
"90","eyJ0eXAiOiJKV1QiLCJhbGciOiJIUzUxMiJ9.eyJzdWIiOiJoeWVvbm1pbjI4MCIsIkF1dGhvcml6YXRpb24iOiJST0xFX1VTRVIiLCJleHAiOjE3MTM5MzMzNDV9.GAOM2nipnb_zc-Jcg8A98ojclGuXNIahM6f5AwVNc8lpz6INoy3YPJbx6bGY1PyqPr2edGK5SHoaWW3fp9t8Uw","hyeonmin280"
"91","eyJ0eXAiOiJKV1QiLCJhbGciOiJIUzUxMiJ9.eyJzdWIiOiJoeWVvbm1pbjI4MSIsIkF1dGhvcml6YXRpb24iOiJST0xFX1VTRVIiLCJleHAiOjE3MTM5MzMzNDZ9.MqpWePxCt1r8dt_tpzPGGqP_5jtwWs6FYns_Z8lTCa6wZBUCmaSMlfyvnf7mkRu7uSqPA-hOyBWjjTFKDftYig","hyeonmin281"
"91","eyJ0eXAiOiJKV1QiLCJhbGciOiJIUzUxMiJ9.eyJzdWIiOiJoeWVvbm1pbjI4MiIsIkF1dGhvcml6YXRpb24iOiJST0xFX1VTRVIiLCJleHAiOjE3MTM5MzMzNDZ9.hhd_5lGUCEFttkhnM3ZOCDyn2zUmlWeTQg_VtioogwlbgYz7nWeHFCzd0et2d3by2pj3g14Xv34ogaCtrfdqnw","hyeonmin282"
"92","eyJ0eXAiOiJKV1QiLCJhbGciOiJIUzUxMiJ9.eyJzdWIiOiJoeWVvbm1pbjI4MyIsIkF1dGhvcml6YXRpb24iOiJST0xFX1VTRVIiLCJleHAiOjE3MTM5MzMzNDZ9.zTZ3uFHATz0N5vaGp0IS3LwRF-WsaoD3YvfbOYlaKyQVK8rfZV6wyx1XEPRQBbsd0Wp9zjq6XYSOhPGkB4BiJg","hyeonmin283"
"92","eyJ0eXAiOiJKV1QiLCJhbGciOiJIUzUxMiJ9.eyJzdWIiOiJoeWVvbm1pbjI4NCIsIkF1dGhvcml6YXRpb24iOiJST0xFX1VTRVIiLCJleHAiOjE3MTM5MzMzNDZ9.GpHCF1VsenaPq0Iv0sRIPuK1uo48GNJtJHppZtSeCbklmtC4mnjqu7GrOmLLp78hV2amWF4Dr5OPMvtxcZrDNA","hyeonmin284"
"93","eyJ0eXAiOiJKV1QiLCJhbGciOiJIUzUxMiJ9.eyJzdWIiOiJoeWVvbm1pbjI4NSIsIkF1dGhvcml6YXRpb24iOiJST0xFX1VTRVIiLCJleHAiOjE3MTM5MzMzNDd9.KA0_ko2V8Koce4es_2buI9Byf5qo9z7DK2QRBm3j4iqKo3WDpCN8uNZ8luDuR8viVrEqU6CZq6drBSEAcQZT5Q","hyeonmin285"
"93","eyJ0eXAiOiJKV1QiLCJhbGciOiJIUzUxMiJ9.eyJzdWIiOiJoeWVvbm1pbjI4NiIsIkF1dGhvcml6YXRpb24iOiJST0xFX1VTRVIiLCJleHAiOjE3MTM5MzMzNDd9.BjXYIeI6kYj9nRXwhLw_DEx3X4uRPt5tRbX-vJoQDJpCofVAhUC_Pq1jnfXiLPEoWBFWKOfKj11uU1_tn0eNBw","hyeonmin286"
"94","eyJ0eXAiOiJKV1QiLCJhbGciOiJIUzUxMiJ9.eyJzdWIiOiJoeWVvbm1pbjI4NyIsIkF1dGhvcml6YXRpb24iOiJST0xFX1VTRVIiLCJleHAiOjE3MTM5MzMzNDd9.NFqKALl2CGwTbwyF4BCWRInEx17BmIh9mh5U-l7iz6wL8RRipeOzttK54Z4O-HB-LxvKXuY4e5lapYvzGUUnCw","hyeonmin287"
"94","eyJ0eXAiOiJKV1QiLCJhbGciOiJIUzUxMiJ9.eyJzdWIiOiJoeWVvbm1pbjI4OCIsIkF1dGhvcml6YXRpb24iOiJST0xFX1VTRVIiLCJleHAiOjE3MTM5MzMzNDd9.wVBMOA4vJ1F2wzYNC6XlgAqCLhHz19Y_BzWFtJd7AcaM35E-jpOq6K5Vf5CIqziJm5GgTZoclqtMOWKUeT2u5g","hyeonmin288"
"95","eyJ0eXAiOiJKV1QiLCJhbGciOiJIUzUxMiJ9.eyJzdWIiOiJoeWVvbm1pbjI4OSIsIkF1dGhvcml6YXRpb24iOiJST0xFX1VTRVIiLCJleHAiOjE3MTM5MzMzNDh9.vRqXis0BVvXjmHqw7TULhoXTgKbMA6JjFuIkqdikzShlRAwkllYD3MdNxP3nWHbBXggK8D_QvgqOOoWAXJNzkQ","hyeonmin289"
"95","eyJ0eXAiOiJKV1QiLCJhbGciOiJIUzUxMiJ9.eyJzdWIiOiJoeWVvbm1pbjI5MCIsIkF1dGhvcml6YXRpb24iOiJST0xFX1VTRVIiLCJleHAiOjE3MTM5MzMzNDd9.ubvUisMJe_F1Jgl3RKv9tlqEP-oH_9yscduvAJeQ132bCGeT9qBlaqNQ9aIb_jSieR_L4g8pn8ethFPnm57pqQ","hyeonmin290"
"96","eyJ0eXAiOiJKV1QiLCJhbGciOiJIUzUxMiJ9.eyJzdWIiOiJoeWVvbm1pbjI5MSIsIkF1dGhvcml6YXRpb24iOiJST0xFX1VTRVIiLCJleHAiOjE3MTM5MzMzNDh9.7RFyBM6MWy7AKfZYARkH3e8FV9y9NHmIqJKxrtf3tiW-lq3JgcwigQe48tbvkuHyDwhERJFJtVMYQvfbEBb4vw","hyeonmin291"
"96","eyJ0eXAiOiJKV1QiLCJhbGciOiJIUzUxMiJ9.eyJzdWIiOiJoeWVvbm1pbjI5MiIsIkF1dGhvcml6YXRpb24iOiJST0xFX1VTRVIiLCJleHAiOjE3MTM5MzMzNDh9.6HwRI51h05PQMgDMubhk5118TvSqLHeJHqVFjbzM8BC1291LYoU1h9XfWY-ucyoLuMg_9CbpbVK2-dtDYfcbJg","hyeonmin292"
"97","eyJ0eXAiOiJKV1QiLCJhbGciOiJIUzUxMiJ9.eyJzdWIiOiJoeWVvbm1pbjI5MyIsIkF1dGhvcml6YXRpb24iOiJST0xFX1VTRVIiLCJleHAiOjE3MTM5MzMzNDh9.TGpKkFtsb3jwdOQx62N7NdN3J2OyC3i4Fs-SXR9d0QLCm6jfV_x_PJohB3Ypq6g3E7b5XmE5oUHBoox3A3zw2A","hyeonmin293"
"97","eyJ0eXAiOiJKV1QiLCJhbGciOiJIUzUxMiJ9.eyJzdWIiOiJoeWVvbm1pbjI5NCIsIkF1dGhvcml6YXRpb24iOiJST0xFX1VTRVIiLCJleHAiOjE3MTM5MzMzNDh9.oheLfCS_6XvencboQMzxLwKo8tEBxDfFcjzPBlE-LVMCFqxw9T39mpFe3QHFgaAajKglg7isohsQhyqt_3T94w","hyeonmin294"
"98","eyJ0eXAiOiJKV1QiLCJhbGciOiJIUzUxMiJ9.eyJzdWIiOiJoeWVvbm1pbjI5NSIsIkF1dGhvcml6YXRpb24iOiJST0xFX1VTRVIiLCJleHAiOjE3MTM5MzMzNDl9.BaHUqWVWoy7hj0AZ2HUtBpkrxEh_4e-ei0rhIsrYl58SnNXaBl5eQWdaZGBYOxcIGV8Lwb5lB7Rm4PMCbJDMlg","hyeonmin295"
"98","eyJ0eXAiOiJKV1QiLCJhbGciOiJIUzUxMiJ9.eyJzdWIiOiJoeWVvbm1pbjI5NiIsIkF1dGhvcml6YXRpb24iOiJST0xFX1VTRVIiLCJleHAiOjE3MTM5MzMzNDl9.6ErKN2XdvoziUi_6B3kHAGHLk2h7AzAYf3Jtt228pSHH_29f5scsJThzTVLMaJzUQy8iXggLRHiDVEkKM0A7ZQ","hyeonmin296"
"99","eyJ0eXAiOiJKV1QiLCJhbGciOiJIUzUxMiJ9.eyJzdWIiOiJoeWVvbm1pbjI5NyIsIkF1dGhvcml6YXRpb24iOiJST0xFX1VTRVIiLCJleHAiOjE3MTM5MzMzNDl9.PXqkMADWQ9BRtO_LYXkmFx76V_eHv6ui-RSvBviOycMSD-Sl2hG2QQQqWZIQV8iWpRzURJJtto6BmZKef5rEuw","hyeonmin297"
"99","eyJ0eXAiOiJKV1QiLCJhbGciOiJIUzUxMiJ9.eyJzdWIiOiJoeWVvbm1pbjI5OCIsIkF1dGhvcml6YXRpb24iOiJST0xFX1VTRVIiLCJleHAiOjE3MTM5MzMzNDl9.645z7Ik_cx2nRRCzY6tIfENTgqMFYXIWZiBG_SIsS_MhTS3U6IRAXQTxgccFvzlGM95rGO6jQGRgHLjEgSz7Vw","hyeonmin298"
"100","eyJ0eXAiOiJKV1QiLCJhbGciOiJIUzUxMiJ9.eyJzdWIiOiJoeWVvbm1pbjI5OSIsIkF1dGhvcml6YXRpb24iOiJST0xFX1VTRVIiLCJleHAiOjE3MTM5MzMzNTB9.lCubxfdGoaueDrKVBNIuBCChVtnVtgaGnh_qi7uUsRQoIaOEoR8zdNrT3eCFN7pZrooVgtmDLwdUMsV2Equ6yw","hyeonmin299"
"100","eyJ0eXAiOiJKV1QiLCJhbGciOiJIUzUxMiJ9.eyJzdWIiOiJoeWVvbm1pbjMwMCIsIkF1dGhvcml6YXRpb24iOiJST0xFX1VTRVIiLCJleHAiOjE3MTM5MzMzNDl9.NW2BnqazvY1d3XqR0EvRYf5QjGBgxjlvS_VyDef2MQac-WTF3YWmaqZvjjSbc30yauKSkTPR6xK0fCzlZOMABg","hyeonmin300"
